produit,position,url
nike-mind-001-pink-smoke-metallic-silver,1,https://cdn.shopify.com/s/files/1/0902/1489/1816/files/0003-4704523851627928360.png?v=1787861918
nike-mind-001-pink-smoke-metallic-silver,2,https://cdn.shopify.com/s/files/1/0902/1489/1816/files/Captured_ecran2026-08-27a21.00.04_7db98a5f-4be3-432e-ae81-9561a9f9d8ad.jpg?v=1787861779
nike-mind-001-pink-smoke-metallic-silver,3,https://cdn.shopify.com/s/files/1/0902/1489/1816/files/Captured_ecran2026-08-27a20.59.41_7fc3162d-1cf6-4d9a-9b88-9e980a086ea0.jpg?v=1787861779
nike-mind-001-pink-smoke-metallic-silver,4,https://cdn.shopify.com/s/files/1/0902/1489/1816/files/Captured_ecran2026-08-27a21.00.09_8a697aa8-7f91-4c2f-b286-d7fe16f75de3.jpg?v=1787861779
nike-mind-001-pink-smoke-metallic-silver,5,https://cdn.shopify.com/s/files/1/0902/1489/1816/files/Captured_ecran2026-08-27a21.00.13_6e97a776-be09-429e-ba56-dd7249e701e9.jpg?v=1787861779
nike-mind-001-pink-smoke-metallic-silver,6,https://cdn.shopify.com/s/files/1/0902/1489/1816/files/Captured_ecran2026-08-27a20.59.52_ce1b0048-6659-4142-aa3d-975736eb710b.jpg?v=1787861779
nike-mind-001-pink-smoke-metallic-silver,7,https://cdn.shopify.com/s/files/1/0902/1489/1816/files/Captured_ecran2026-08-27a21.00.19_5e18b30d-fafb-4e95-95c9-5dd0b227f0f4.jpg?v=1787861779
nike-mind-001-triple-black,1,https://cdn.shopify.com/s/files/1/0902/1489/1816/files/0003-1675853098563455876.png?v=1787859859
nike-mind-001-triple-black,2,https://cdn.shopify.com/s/files/1/0902/1489/1816/files/NIKE_MIND_001_2.jpg?v=1787858965
nike-mind-001-triple-black,3,https://cdn.shopify.com/s/files/1/0902/1489/1816/files/NIKE_MIND_001_4.jpg?v=1787858964
nike-mind-001-triple-black,4,https://cdn.shopify.com/s/files/1/0902/1489/1816/files/NIKE_MIND_001.jpg?v=1787858965
nike-mind-001-triple-black,5,https://cdn.shopify.com/s/files/1/0902/1489/1816/files/NIKE_MIND_001_1.jpg?v=1787858965
nike-mind-001-triple-black,6,https://cdn.shopify.com/s/files/1/0902/1489/1816/files/NIKE_MIND_001_3.jpg?v=1787858965
nike-mind-001-triple-black,7,https://cdn.shopify.com/s/files/1/0902/1489/1816/files/NIKE_MIND_001_6.jpg?v=1787858964
nike-mind-001-triple-black,8,https://cdn.shopify.com/s/files/1/0902/1489/1816/files/NIKE_MIND_001_5.jpg?v=1787858965
nike-mind-001-triple-black,9,https://cdn.shopify.com/s/files/1/0902/1489/1816/files/NIKE_MIND_001_7.jpg?v=1787858964
new-balance-2002r-protection-pack-rain-cloud,1,https://cdn.shopify.com/s/files/1/0902/1489/1816/files/NB-2002R-Protection-Gris-New-Balance-246656467.png?v=1771250046
new-balance-2002r-protection-pack-rain-cloud,2,https://cdn.shopify.com/s/files/1/0902/1489/1816/files/NB-2002R-Protection-Pack-Rain-Cloud-New-Balance-255752866.jpg?v=1779484263
new-balance-2002r-protection-pack-rain-cloud,3,https://cdn.shopify.com/s/files/1/0902/1489/1816/files/NB-2002R-Protection-Pack-Rain-Cloud-New-Balance-255752915.jpg?v=1779484265
new-balance-2002r-protection-pack-rain-cloud,4,https://cdn.shopify.com/s/files/1/0902/1489/1816/files/NB-2002R-Protection-Pack-Rain-Cloud-New-Balance-255753135.jpg?v=1779484533
new-balance-2002r-protection-pack-rain-cloud,5,https://cdn.shopify.com/s/files/1/0902/1489/1816/files/NB-2002R-Protection-Pack-Rain-Cloud-New-Balance-255753029.jpg?v=1779484267
new-balance-2002r-protection-pack-rain-cloud,6,https://cdn.shopify.com/s/files/1/0902/1489/1816/files/NB-2002R-Protection-Pack-Rain-Cloud-New-Balance-255753231.jpg?v=1779484534
new-balance-2002r-protection-pack-rain-cloud,7,https://cdn.shopify.com/s/files/1/0902/1489/1816/files/NB-2002R-Protection-Pack-Rain-Cloud-New-Balance-255753319.jpg?v=1779484535
new-balance-2002r-protection-pack-slate-grey,1,https://cdn.shopify.com/s/files/1/0902/1489/1816/files/NB-2002R-Protection-Gris-clair-New-Balance-246626391.png?v=1771249997
new-balance-2002r-protection-pack-slate-grey,2,https://cdn.shopify.com/s/files/1/0902/1489/1816/files/NB-2002R-Protection-Gris-clair-New-Balance-246626497.png?v=1771249998
new-balance-2002r-protection-pack-slate-grey,3,https://cdn.shopify.com/s/files/1/0902/1489/1816/files/NB-2002R-Protection-Gris-clair-New-Balance-246625874.png?v=1771249981
new-balance-2002r-protection-pack-slate-grey,4,https://cdn.shopify.com/s/files/1/0902/1489/1816/files/NB-2002R-Protection-Gris-clair-New-Balance-246625642.png?v=1771249983
new-balance-2002r-protection-pack-slate-grey,5,https://cdn.shopify.com/s/files/1/0902/1489/1816/files/NB-2002R-Protection-Gris-clair-New-Balance-246625993.png?v=1771249982
new-balance-2002r-protection-pack-light-arctic-grey,1,https://cdn.shopify.com/s/files/1/0902/1489/1816/files/NB-2002R-Protection-Bleu-Clair-New-Balance-246651911.png?v=1771250018
new-balance-2002r-protection-pack-light-arctic-grey,2,https://cdn.shopify.com/s/files/1/0902/1489/1816/files/NB-2002R-Protection-Bleu-Clair-New-Balance-246652269.png?v=1771250017
new-balance-2002r-protection-pack-light-arctic-grey,3,https://cdn.shopify.com/s/files/1/0902/1489/1816/files/NB-2002R-Protection-Bleu-Clair-New-Balance-246652078.png?v=1771250011
new-balance-2002r-protection-pack-light-arctic-grey,4,https://cdn.shopify.com/s/files/1/0902/1489/1816/files/NB-2002R-Protection-Bleu-Clair-New-Balance-246652140.png?v=1771250014
new-balance-2002r-protection-pack-light-arctic-grey,5,https://cdn.shopify.com/s/files/1/0902/1489/1816/files/NB-2002R-Protection-Bleu-Clair-New-Balance-246652393.png?v=1771250016
new-balance-2002r-protection-pack-black,1,https://cdn.shopify.com/s/files/1/0902/1489/1816/files/NB-2002R-Protection-Noir-New-Balance-246632159.png?v=1771249999
new-balance-2002r-protection-pack-black,2,https://cdn.shopify.com/s/files/1/0902/1489/1816/files/NB-2002R-Protection-Pack-Black-New-Balance-255746655.jpg?v=1779456955
new-balance-2002r-protection-pack-black,3,https://cdn.shopify.com/s/files/1/0902/1489/1816/files/NB-2002R-Protection-Pack-Black-New-Balance-255746799.jpg?v=1779456956
new-balance-2002r-protection-pack-black,4,https://cdn.shopify.com/s/files/1/0902/1489/1816/files/NB-2002R-Protection-Pack-Black-New-Balance-255746956.jpg?v=1779456961
new-balance-2002r-protection-pack-black,5,https://cdn.shopify.com/s/files/1/0902/1489/1816/files/NB-2002R-Protection-Pack-Black-New-Balance-255747063.jpg?v=1779456962
new-balance-2002r-protection-pack-black,6,https://cdn.shopify.com/s/files/1/0902/1489/1816/files/NB-2002R-Protection-Pack-Black-New-Balance-255746838.jpg?v=1779456960
new-balance-2002r-protection-pack-dusty-lilac,1,https://cdn.shopify.com/s/files/1/0902/1489/1816/files/NB-2002R-Protection-Gris-Rose-New-Balance-246632973.png?v=1771249834
new-balance-2002r-protection-pack-dusty-lilac,2,https://cdn.shopify.com/s/files/1/0902/1489/1816/files/New-Balance-2002R-Protection-Pack-Dusty-Lilac-New-Balance-256545969.jpg?v=1784325086
new-balance-2002r-protection-pack-dusty-lilac,3,https://cdn.shopify.com/s/files/1/0902/1489/1816/files/New-Balance-2002R-Protection-Pack-Dusty-Lilac-New-Balance-256546036.jpg?v=1784325086
new-balance-2002r-protection-pack-dusty-lilac,4,https://cdn.shopify.com/s/files/1/0902/1489/1816/files/New-Balance-2002R-Protection-Pack-Dusty-Lilac-New-Balance-256546158.jpg?v=1784325088
new-balance-2002r-protection-pack-dusty-lilac,5,https://cdn.shopify.com/s/files/1/0902/1489/1816/files/New-Balance-2002R-Protection-Pack-Dusty-Lilac-New-Balance-256546294.jpg?v=1784325089
new-balance-2002r-protection-pack-dusty-lilac,6,https://cdn.shopify.com/s/files/1/0902/1489/1816/files/New-Balance-2002R-Protection-Pack-Dusty-Lilac-New-Balance-256546361.jpg?v=1784325090
new-balance-2002r-protection-pack-dusty-lilac,7,https://cdn.shopify.com/s/files/1/0902/1489/1816/files/New-Balance-2002R-Protection-Pack-Dusty-Lilac-New-Balance-256546424.jpg?v=1784325091
new-balance-2002r-protection-pack-dusty-lilac,8,https://cdn.shopify.com/s/files/1/0902/1489/1816/files/New-Balance-2002R-Protection-Pack-Dusty-Lilac-New-Balance-256546557.png?v=1784325094
nike-vomero-premium-triple-black,1,https://cdn.shopify.com/s/files/1/0902/1489/1816/files/Nike-Vomero-Premium-Triple-Black-Nike-256566755.png?v=1787068964
nike-vomero-premium-triple-black,2,https://cdn.shopify.com/s/files/1/0902/1489/1816/files/Nike-Vomero-Premium-Triple-Black-Nike-256566382.jpg?v=1787068928
nike-vomero-premium-triple-black,3,https://cdn.shopify.com/s/files/1/0902/1489/1816/files/Nike-Vomero-Premium-Triple-Black-Nike-256566450.jpg?v=1787068931
nike-vomero-premium-triple-black,4,https://cdn.shopify.com/s/files/1/0902/1489/1816/files/Nike-Vomero-Premium-Triple-Black-Nike-256566544.jpg?v=1787068934
nike-vomero-premium-triple-black,5,https://cdn.shopify.com/s/files/1/0902/1489/1816/files/Nike-Vomero-Premium-Triple-Black-Nike-256566646.jpg?v=1787068938
nike-vomero-18-ashen-slate-diffused-blue,1,https://cdn.shopify.com/s/files/1/0902/1489/1816/files/Nike-Vomero-18-Ashen-Slate-Diffused-Blue-Nike-256538070.png?v=1784477643
nike-vomero-18-ashen-slate-diffused-blue,2,https://cdn.shopify.com/s/files/1/0902/1489/1816/files/Nike-Vomero-18-Ashen-Slate-Diffused-Blue-Nike-256500579.jpg?v=1784477484
nike-vomero-18-ashen-slate-diffused-blue,3,https://cdn.shopify.com/s/files/1/0902/1489/1816/files/Nike-Vomero-18-Ashen-Slate-Diffused-Blue-Nike-256500698.jpg?v=1784477490
nike-vomero-18-ashen-slate-diffused-blue,4,https://cdn.shopify.com/s/files/1/0902/1489/1816/files/Nike-Vomero-18-Ashen-Slate-Diffused-Blue-Nike-256500772.jpg?v=1787068958
nike-vomero-18-ashen-slate-diffused-blue,5,https://cdn.shopify.com/s/files/1/0902/1489/1816/files/Nike-Vomero-18-Ashen-Slate-Diffused-Blue-Nike-256500894.jpg?v=1784477499
nike-vomero-18-ashen-slate-diffused-blue,6,https://cdn.shopify.com/s/files/1/0902/1489/1816/files/Nike-Vomero-18-Ashen-Slate-Diffused-Blue-Nike-256500981.jpg?v=1784477504
nike-vomero-18-ashen-slate-diffused-blue,7,https://cdn.shopify.com/s/files/1/0902/1489/1816/files/Nike-Vomero-18-Ashen-Slate-Diffused-Blue-Nike-256501046.jpg?v=1784477509
nike-vomero-18-ashen-slate-diffused-blue,8,https://cdn.shopify.com/s/files/1/0902/1489/1816/files/Nike-Vomero-18-Ashen-Slate-Diffused-Blue-Nike-256501177.jpg?v=1784477511
nike-vomero-18-light-silver-college-grey-barely-volt,1,https://cdn.shopify.com/s/files/1/0902/1489/1816/files/Nike-Vomero-18-Light-Silver-College-Grey-Barely-Volt-Nike-256537925.png?v=1784477641
nike-vomero-18-light-silver-college-grey-barely-volt,2,https://cdn.shopify.com/s/files/1/0902/1489/1816/files/Nike-Vomero-18-Light-Silver-College-Grey-Barely-Volt-Nike-256499451.jpg?v=1784477451
nike-vomero-18-light-silver-college-grey-barely-volt,3,https://cdn.shopify.com/s/files/1/0902/1489/1816/files/Nike-Vomero-18-Light-Silver-College-Grey-Barely-Volt-Nike-256499559.jpg?v=1784477455
nike-vomero-18-light-silver-college-grey-barely-volt,4,https://cdn.shopify.com/s/files/1/0902/1489/1816/files/Nike-Vomero-18-Light-Silver-College-Grey-Barely-Volt-Nike-256499682.jpg?v=1784477461
nike-vomero-18-light-silver-college-grey-barely-volt,5,https://cdn.shopify.com/s/files/1/0902/1489/1816/files/Nike-Vomero-18-Light-Silver-College-Grey-Barely-Volt-Nike-256499799.jpg?v=1784477466
nike-vomero-18-light-silver-college-grey-barely-volt,6,https://cdn.shopify.com/s/files/1/0902/1489/1816/files/Nike-Vomero-18-Light-Silver-College-Grey-Barely-Volt-Nike-256499870.jpg?v=1784477471
nike-vomero-18-light-silver-college-grey-barely-volt,7,https://cdn.shopify.com/s/files/1/0902/1489/1816/files/Nike-Vomero-18-Light-Silver-College-Grey-Barely-Volt-Nike-256499998.jpg?v=1784477474
nike-vomero-18-light-silver-college-grey-barely-volt,8,https://cdn.shopify.com/s/files/1/0902/1489/1816/files/Nike-Vomero-18-Light-Silver-College-Grey-Barely-Volt-Nike-256500077.jpg?v=1784477480
nike-vomero-18-light-silver-college-grey-barely-volt,9,https://cdn.shopify.com/s/files/1/0902/1489/1816/files/Nike-Vomero-18-Light-Silver-College-Grey-Barely-Volt-Nike-256500178.png?v=1784477628
nike-mind-001-white-speed-red,1,https://cdn.shopify.com/s/files/1/0902/1489/1816/files/Nike-Mind-001-White-Speed-Red-Nike-256170194.png?v=1784477567
nike-mind-001-white-speed-red,2,https://cdn.shopify.com/s/files/1/0902/1489/1816/files/Nike-Mind-001-White-Speed-Red-Nike-256169489.jpg?v=1784476944
nike-mind-001-white-speed-red,3,https://cdn.shopify.com/s/files/1/0902/1489/1816/files/Nike-Mind-001-White-Speed-Red-Nike-256169537.jpg?v=1784476949
nike-mind-001-white-speed-red,4,https://cdn.shopify.com/s/files/1/0902/1489/1816/files/Nike-Mind-001-White-Speed-Red-Nike-256169631.jpg?v=1784476952
nike-mind-001-white-speed-red,5,https://cdn.shopify.com/s/files/1/0902/1489/1816/files/Nike-Mind-001-White-Speed-Red-Nike-256169768.jpg?v=1787068941
nike-vomero-18-sail-bright-crimson-laser-orange,1,https://cdn.shopify.com/s/files/1/0902/1489/1816/files/Nike-Vomero-18-Sail-Bright-Crimson-Laser-Orange-Nike-256499129.png?v=1784477633
nike-vomero-18-sail-bright-crimson-laser-orange,2,https://cdn.shopify.com/s/files/1/0902/1489/1816/files/Nike-Vomero-18-Sail-Bright-Crimson-Laser-Orange-Nike-256498445.jpg?v=1784477412
nike-vomero-18-sail-bright-crimson-laser-orange,3,https://cdn.shopify.com/s/files/1/0902/1489/1816/files/Nike-Vomero-18-Sail-Bright-Crimson-Laser-Orange-Nike-256498567.jpg?v=1784477423
nike-vomero-18-sail-bright-crimson-laser-orange,4,https://cdn.shopify.com/s/files/1/0902/1489/1816/files/Nike-Vomero-18-Sail-Bright-Crimson-Laser-Orange-Nike-256498656.jpg?v=1784477426
nike-vomero-18-sail-bright-crimson-laser-orange,5,https://cdn.shopify.com/s/files/1/0902/1489/1816/files/Nike-Vomero-18-Sail-Bright-Crimson-Laser-Orange-Nike-256498732.jpg?v=1784477432
nike-vomero-18-sail-bright-crimson-laser-orange,6,https://cdn.shopify.com/s/files/1/0902/1489/1816/files/Nike-Vomero-18-Sail-Bright-Crimson-Laser-Orange-Nike-256498859.jpg?v=1784477444
nike-vomero-18-sail-bright-crimson-laser-orange,7,https://cdn.shopify.com/s/files/1/0902/1489/1816/files/Nike-Vomero-18-Sail-Bright-Crimson-Laser-Orange-Nike-256498934.jpg?v=1784477444
nike-vomero-18-sail-bright-crimson-laser-orange,8,https://cdn.shopify.com/s/files/1/0902/1489/1816/files/Nike-Vomero-18-Sail-Bright-Crimson-Laser-Orange-Nike-256499020.jpg?v=1784477449
nike-vomero-18-blue-void-blue-lightning,1,https://cdn.shopify.com/s/files/1/0902/1489/1816/files/Nike-Vomero-18-Blue-Void-Blue-Lightning-Nike-256498393.png?v=1784477630
nike-vomero-18-blue-void-blue-lightning,2,https://cdn.shopify.com/s/files/1/0902/1489/1816/files/Nike-Vomero-18-Blue-Void-Blue-Lightning-Nike-256497612.jpg?v=1784477310
nike-vomero-18-blue-void-blue-lightning,3,https://cdn.shopify.com/s/files/1/0902/1489/1816/files/Nike-Vomero-18-Blue-Void-Blue-Lightning-Nike-256497749.jpg?v=1784477313
nike-vomero-18-blue-void-blue-lightning,4,https://cdn.shopify.com/s/files/1/0902/1489/1816/files/Nike-Vomero-18-Blue-Void-Blue-Lightning-Nike-256497885.jpg?v=1784477318
nike-vomero-18-blue-void-blue-lightning,5,https://cdn.shopify.com/s/files/1/0902/1489/1816/files/Nike-Vomero-18-Blue-Void-Blue-Lightning-Nike-256497935.jpg?v=1784477324
nike-vomero-18-blue-void-blue-lightning,6,https://cdn.shopify.com/s/files/1/0902/1489/1816/files/Nike-Vomero-18-Blue-Void-Blue-Lightning-Nike-256498019.jpg?v=1784477326
nike-vomero-18-blue-void-blue-lightning,7,https://cdn.shopify.com/s/files/1/0902/1489/1816/files/Nike-Vomero-18-Blue-Void-Blue-Lightning-Nike-256498187.jpg?v=1784477388
nike-vomero-18-blue-void-blue-lightning,8,https://cdn.shopify.com/s/files/1/0902/1489/1816/files/Nike-Vomero-18-Blue-Void-Blue-Lightning-Nike-256498218.jpg?v=1784477402
nike-vomero-18-summit-white-elemental-pink,1,https://cdn.shopify.com/s/files/1/0902/1489/1816/files/Nike-Vomero-18-Summit-White-Elemental-Pink-Nike-256496830.png?v=1784477630
nike-vomero-18-summit-white-elemental-pink,2,https://cdn.shopify.com/s/files/1/0902/1489/1816/files/Nike-Vomero-18-Summit-White-Elemental-Pink-Nike-256496319.jpg?v=1784477287
nike-vomero-18-summit-white-elemental-pink,3,https://cdn.shopify.com/s/files/1/0902/1489/1816/files/Nike-Vomero-18-Summit-White-Elemental-Pink-Nike-256496468.jpg?v=1784477293
nike-vomero-18-summit-white-elemental-pink,4,https://cdn.shopify.com/s/files/1/0902/1489/1816/files/Nike-Vomero-18-Summit-White-Elemental-Pink-Nike-256496546.jpg?v=1787068954
nike-vomero-18-summit-white-elemental-pink,5,https://cdn.shopify.com/s/files/1/0902/1489/1816/files/Nike-Vomero-18-Summit-White-Elemental-Pink-Nike-256496633.jpg?v=1784477301
nike-vomero-18-summit-white-elemental-pink,6,https://cdn.shopify.com/s/files/1/0902/1489/1816/files/Nike-Vomero-18-Summit-White-Elemental-Pink-Nike-256496758.jpg?v=1784477304
nike-vomero-18-white-metallic-silver-photon-dust,1,https://cdn.shopify.com/s/files/1/0902/1489/1816/files/Nike-Vomero-18-White-Metallic-Silver-Photon-Dust-Nike-256494926.png?v=1784477624
nike-vomero-18-white-metallic-silver-photon-dust,2,https://cdn.shopify.com/s/files/1/0902/1489/1816/files/Nike-Vomero-18-White-Metallic-Silver-Photon-Dust-Nike-256495042.jpg?v=1784477244
nike-vomero-18-white-metallic-silver-photon-dust,3,https://cdn.shopify.com/s/files/1/0902/1489/1816/files/Nike-Vomero-18-White-Metallic-Silver-Photon-Dust-Nike-256495112.jpg?v=1784477252
nike-vomero-18-white-metallic-silver-photon-dust,4,https://cdn.shopify.com/s/files/1/0902/1489/1816/files/Nike-Vomero-18-White-Metallic-Silver-Photon-Dust-Nike-256495229.jpg?v=1784477255
nike-vomero-18-white-metallic-silver-photon-dust,5,https://cdn.shopify.com/s/files/1/0902/1489/1816/files/Nike-Vomero-18-White-Metallic-Silver-Photon-Dust-Nike-256495349.jpg?v=1784477262
nike-vomero-18-white-metallic-silver-photon-dust,6,https://cdn.shopify.com/s/files/1/0902/1489/1816/files/Nike-Vomero-18-White-Metallic-Silver-Photon-Dust-Nike-256495440.jpg?v=1784477268
nike-vomero-18-white-metallic-silver-photon-dust,7,https://cdn.shopify.com/s/files/1/0902/1489/1816/files/Nike-Vomero-18-White-Metallic-Silver-Photon-Dust-Nike-256495554.jpg?v=1784477274
nike-vomero-18-white-metallic-silver-photon-dust,8,https://cdn.shopify.com/s/files/1/0902/1489/1816/files/Nike-Vomero-18-White-Metallic-Silver-Photon-Dust-Nike-256495625.jpg?v=1784477278
nike-vomero-18-white-metallic-silver-photon-dust,9,https://cdn.shopify.com/s/files/1/0902/1489/1816/files/Nike-Vomero-18-White-Metallic-Silver-Photon-Dust-Nike-256495750.jpg?v=1784477285
nike-vomero-18-phantom-wild-mango-volt,1,https://cdn.shopify.com/s/files/1/0902/1489/1816/files/Nike-Vomero-18-Phantom-Wild-Mango-Volt-Nike-256490820.png?v=1784477621
nike-vomero-18-phantom-wild-mango-volt,2,https://cdn.shopify.com/s/files/1/0902/1489/1816/files/Nike-Vomero-18-Phantom-Wild-Mango-Volt-Nike-256490928.jpg?v=1784477226
nike-vomero-18-phantom-wild-mango-volt,3,https://cdn.shopify.com/s/files/1/0902/1489/1816/files/Nike-Vomero-18-Phantom-Wild-Mango-Volt-Nike-256491067.jpg?v=1784477232
nike-vomero-18-phantom-wild-mango-volt,4,https://cdn.shopify.com/s/files/1/0902/1489/1816/files/Nike-Vomero-18-Phantom-Wild-Mango-Volt-Nike-256491168.jpg?v=1784477237
nike-vomero-18-phantom-wild-mango-volt,5,https://cdn.shopify.com/s/files/1/0902/1489/1816/files/Nike-Vomero-18-Phantom-Wild-Mango-Volt-Nike-256491242.jpg?v=1784477244
nike-vomero-18-sail-hyper-pink,1,https://cdn.shopify.com/s/files/1/0902/1489/1816/files/Nike-Vomero-18-Sail-Hyper-Pink-Nike-256490761.png?v=1784477616
nike-vomero-18-sail-hyper-pink,2,https://cdn.shopify.com/s/files/1/0902/1489/1816/files/Nike-Vomero-18-Sail-Hyper-Pink-Nike-256490364.jpg?v=1784477205
nike-vomero-18-sail-hyper-pink,3,https://cdn.shopify.com/s/files/1/0902/1489/1816/files/Nike-Vomero-18-Sail-Hyper-Pink-Nike-256490666.jpg?v=1784477223
nike-vomero-18-sail-hyper-pink,4,https://cdn.shopify.com/s/files/1/0902/1489/1816/files/Nike-Vomero-18-Sail-Hyper-Pink-Nike-256490546.jpg?v=1784477219
nike-vomero-18-sail-hyper-pink,5,https://cdn.shopify.com/s/files/1/0902/1489/1816/files/Nike-Vomero-18-Sail-Hyper-Pink-Nike-256490417.jpg?v=1784477214
nike-vomero-18-barely-green-hyper-crimson,1,https://cdn.shopify.com/s/files/1/0902/1489/1816/files/Nike-Vomero-18-Barely-Green-Hyper-Crimson-Nike-256489023.png?v=1784477614
nike-vomero-18-barely-green-hyper-crimson,2,https://cdn.shopify.com/s/files/1/0902/1489/1816/files/Nike-Vomero-18-Barely-Green-Hyper-Crimson-Nike-256489154.jpg?v=1784477183
nike-vomero-18-barely-green-hyper-crimson,3,https://cdn.shopify.com/s/files/1/0902/1489/1816/files/Nike-Vomero-18-Barely-Green-Hyper-Crimson-Nike-256489242.jpg?v=1784477184
nike-vomero-18-barely-green-hyper-crimson,4,https://cdn.shopify.com/s/files/1/0902/1489/1816/files/Nike-Vomero-18-Barely-Green-Hyper-Crimson-Nike-256489343.jpg?v=1784477186
nike-vomero-18-barely-green-hyper-crimson,5,https://cdn.shopify.com/s/files/1/0902/1489/1816/files/Nike-Vomero-18-Barely-Green-Hyper-Crimson-Nike-256489488.jpg?v=1787068952
nike-vomero-18-barely-green-hyper-crimson,6,https://cdn.shopify.com/s/files/1/0902/1489/1816/files/Nike-Vomero-18-Barely-Green-Hyper-Crimson-Nike-256489515.jpg?v=1784477198
nike-vomero-18-barely-green-hyper-crimson,7,https://cdn.shopify.com/s/files/1/0902/1489/1816/files/Nike-Vomero-18-Barely-Green-Hyper-Crimson-Nike-256489676.jpg?v=1784477201
nike-vomero-18-summit-white-coconut-milk,1,https://cdn.shopify.com/s/files/1/0902/1489/1816/files/Nike-Vomero-18-Summit-White-Coconut-Milk-Nike-256487529.png?v=1784477610
nike-vomero-18-summit-white-coconut-milk,2,https://cdn.shopify.com/s/files/1/0902/1489/1816/files/Nike-Vomero-18-Summit-White-Coconut-Milk-Nike-256487692.jpg?v=1784477139
nike-vomero-18-summit-white-coconut-milk,3,https://cdn.shopify.com/s/files/1/0902/1489/1816/files/Nike-Vomero-18-Summit-White-Coconut-Milk-Nike-256487768.jpg?v=1784477144
nike-vomero-18-summit-white-coconut-milk,4,https://cdn.shopify.com/s/files/1/0902/1489/1816/files/Nike-Vomero-18-Summit-White-Coconut-Milk-Nike-256487834.jpg?v=1784477149
nike-vomero-18-summit-white-coconut-milk,5,https://cdn.shopify.com/s/files/1/0902/1489/1816/files/Nike-Vomero-18-Summit-White-Coconut-Milk-Nike-256487914.jpg?v=1784477153
nike-vomero-18-summit-white-coconut-milk,6,https://cdn.shopify.com/s/files/1/0902/1489/1816/files/Nike-Vomero-18-Summit-White-Coconut-Milk-Nike-256488031.jpg?v=1784477159
nike-vomero-18-summit-white-coconut-milk,7,https://cdn.shopify.com/s/files/1/0902/1489/1816/files/Nike-Vomero-18-Summit-White-Coconut-Milk-Nike-256488192.jpg?v=1784477166
nike-vomero-18-summit-white-coconut-milk,8,https://cdn.shopify.com/s/files/1/0902/1489/1816/files/Nike-Vomero-18-Summit-White-Coconut-Milk-Nike-256488292.jpg?v=1784477174
nike-vomero-18-white-electric-green-volt,1,https://cdn.shopify.com/s/files/1/0902/1489/1816/files/Nike-Vomero-18-White-Electric-Green-Volt-Nike-256477618.png?v=1784477606
nike-vomero-18-white-electric-green-volt,2,https://cdn.shopify.com/s/files/1/0902/1489/1816/files/Nike-Vomero-18-White-Electric-Green-Volt-Nike-256476462.jpg?v=1784477100
nike-vomero-18-white-electric-green-volt,3,https://cdn.shopify.com/s/files/1/0902/1489/1816/files/Nike-Vomero-18-White-Electric-Green-Volt-Nike-256476585.jpg?v=1784477107
nike-vomero-18-white-electric-green-volt,4,https://cdn.shopify.com/s/files/1/0902/1489/1816/files/Nike-Vomero-18-White-Electric-Green-Volt-Nike-256476675.jpg?v=1784477112
nike-vomero-18-white-electric-green-volt,5,https://cdn.shopify.com/s/files/1/0902/1489/1816/files/Nike-Vomero-18-White-Electric-Green-Volt-Nike-256476729.jpg?v=1784477117
nike-vomero-18-white-electric-green-volt,6,https://cdn.shopify.com/s/files/1/0902/1489/1816/files/Nike-Vomero-18-White-Electric-Green-Volt-Nike-256476832.jpg?v=1784477122
nike-vomero-18-white-electric-green-volt,7,https://cdn.shopify.com/s/files/1/0902/1489/1816/files/Nike-Vomero-18-White-Electric-Green-Volt-Nike-256476956.jpg?v=1787068948
nike-vomero-18-white-electric-green-volt,8,https://cdn.shopify.com/s/files/1/0902/1489/1816/files/Nike-Vomero-18-White-Electric-Green-Volt-Nike-256477022.jpg?v=1784477130
nike-vomero-18-white-electric-green-volt,9,https://cdn.shopify.com/s/files/1/0902/1489/1816/files/Nike-Vomero-18-White-Electric-Green-Volt-Nike-256477196.jpg?v=1784477134
nike-vomero-18-platinum-tint-siren-red,1,https://cdn.shopify.com/s/files/1/0902/1489/1816/files/Nike-Vomero-18-Platinum-Tint-Siren-Red-Nike-256477521.png?v=1784477601
nike-vomero-18-platinum-tint-siren-red,2,https://cdn.shopify.com/s/files/1/0902/1489/1816/files/Nike-Vomero-18-Platinum-Tint-Siren-Red-Nike-256475866.jpg?v=1784477073
nike-vomero-18-platinum-tint-siren-red,3,https://cdn.shopify.com/s/files/1/0902/1489/1816/files/Nike-Vomero-18-Platinum-Tint-Siren-Red-Nike-256475947.jpg?v=1784477081
nike-vomero-18-platinum-tint-siren-red,4,https://cdn.shopify.com/s/files/1/0902/1489/1816/files/Nike-Vomero-18-Platinum-Tint-Siren-Red-Nike-256476094.jpg?v=1784477086
nike-vomero-18-platinum-tint-siren-red,5,https://cdn.shopify.com/s/files/1/0902/1489/1816/files/Nike-Vomero-18-Platinum-Tint-Siren-Red-Nike-256476134.jpg?v=1784477090
nike-vomero-18-platinum-tint-siren-red,6,https://cdn.shopify.com/s/files/1/0902/1489/1816/files/Nike-Vomero-18-Platinum-Tint-Siren-Red-Nike-256476229.jpg?v=1787068946
nike-vomero-18-white-black,1,https://cdn.shopify.com/s/files/1/0902/1489/1816/files/Nike-Vomero-18-White-Black-Nike-256477420.png?v=1784477594
nike-vomero-18-white-black,2,https://cdn.shopify.com/s/files/1/0902/1489/1816/files/Nike-Vomero-18-White-Black-Nike-256474399.jpg?v=1784477030
nike-vomero-18-white-black,3,https://cdn.shopify.com/s/files/1/0902/1489/1816/files/Nike-Vomero-18-White-Black-Nike-256474496.jpg?v=1784477036
nike-vomero-18-white-black,4,https://cdn.shopify.com/s/files/1/0902/1489/1816/files/Nike-Vomero-18-White-Black-Nike-256474571.jpg?v=1784477039
nike-vomero-18-white-black,5,https://cdn.shopify.com/s/files/1/0902/1489/1816/files/Nike-Vomero-18-White-Black-Nike-256474617.jpg?v=1784477041
nike-vomero-18-white-black,6,https://cdn.shopify.com/s/files/1/0902/1489/1816/files/Nike-Vomero-18-White-Black-Nike-256474784.jpg?v=1784477051
nike-vomero-18-white-black,7,https://cdn.shopify.com/s/files/1/0902/1489/1816/files/Nike-Vomero-18-White-Black-Nike-256474859.jpg?v=1784477060
nike-vomero-18-white-black,8,https://cdn.shopify.com/s/files/1/0902/1489/1816/files/Nike-Vomero-18-White-Black-Nike-256474911.jpg?v=1784477063
nike-vomero-18-white-black,9,https://cdn.shopify.com/s/files/1/0902/1489/1816/files/Nike-Vomero-18-White-Black-Nike-256475055.jpg?v=1784477067
nike-vomero-18-triple-black,1,https://cdn.shopify.com/s/files/1/0902/1489/1816/files/Nike-Vomero-18-Triple-Black-Nike-256477851.png?v=1784477576
nike-vomero-18-triple-black,2,https://cdn.shopify.com/s/files/1/0902/1489/1816/files/Nike-Vomero-18-Triple-Black-Nike-256473448.jpg?v=1784476993
nike-vomero-18-triple-black,3,https://cdn.shopify.com/s/files/1/0902/1489/1816/files/Nike-Vomero-18-Triple-Black-Nike-256473514.jpg?v=1784476997
nike-vomero-18-triple-black,4,https://cdn.shopify.com/s/files/1/0902/1489/1816/files/Nike-Vomero-18-Triple-Black-Nike-256473661.jpg?v=1784477002
nike-vomero-18-triple-black,5,https://cdn.shopify.com/s/files/1/0902/1489/1816/files/Nike-Vomero-18-Triple-Black-Nike-256473736.jpg?v=1787068943
nike-vomero-18-triple-black,6,https://cdn.shopify.com/s/files/1/0902/1489/1816/files/Nike-Vomero-18-Triple-Black-Nike-256473838.jpg?v=1784477012
nike-vomero-18-triple-black,7,https://cdn.shopify.com/s/files/1/0902/1489/1816/files/Nike-Vomero-18-Triple-Black-Nike-256473973.jpg?v=1784477017
nike-vomero-18-triple-black,8,https://cdn.shopify.com/s/files/1/0902/1489/1816/files/Nike-Vomero-18-Triple-Black-Nike-256474093.jpg?v=1784477020
nike-vomero-18-triple-black,9,https://cdn.shopify.com/s/files/1/0902/1489/1816/files/Nike-Vomero-18-Triple-Black-Nike-256474163.jpg?v=1784477026
nike-vomero-18-summit-white-geode-teal,1,https://cdn.shopify.com/s/files/1/0902/1489/1816/files/Nike-Vomero-18-Summit-White-Geode-Teal-Nike-256477987.png?v=1784477574
nike-vomero-18-summit-white-geode-teal,2,https://cdn.shopify.com/s/files/1/0902/1489/1816/files/Nike-Vomero-18-Summit-White-Geode-Teal-Nike-256472666.jpg?v=1784476960
nike-vomero-18-summit-white-geode-teal,3,https://cdn.shopify.com/s/files/1/0902/1489/1816/files/Nike-Vomero-18-Summit-White-Geode-Teal-Nike-256472765.jpg?v=1784476967
nike-vomero-18-summit-white-geode-teal,4,https://cdn.shopify.com/s/files/1/0902/1489/1816/files/Nike-Vomero-18-Summit-White-Geode-Teal-Nike-256472814.jpg?v=1784476970
nike-vomero-18-summit-white-geode-teal,5,https://cdn.shopify.com/s/files/1/0902/1489/1816/files/Nike-Vomero-18-Summit-White-Geode-Teal-Nike-256472970.jpg?v=1784476972
nike-vomero-18-summit-white-geode-teal,6,https://cdn.shopify.com/s/files/1/0902/1489/1816/files/Nike-Vomero-18-Summit-White-Geode-Teal-Nike-256473032.jpg?v=1784476978
nike-vomero-18-summit-white-geode-teal,7,https://cdn.shopify.com/s/files/1/0902/1489/1816/files/Nike-Vomero-18-Summit-White-Geode-Teal-Nike-256473165.jpg?v=1784476985
nike-vomero-18-summit-white-geode-teal,8,https://cdn.shopify.com/s/files/1/0902/1489/1816/files/Nike-Vomero-18-Summit-White-Geode-Teal-Nike-256473248.jpg?v=1784476989
nike-vomero-plus-white-bright-crimson,1,https://cdn.shopify.com/s/files/1/0902/1489/1816/files/Nike-Vomero-Plus-White-Bright-Crimson-Nike-256155799.png?v=1782226280
nike-vomero-plus-white-bright-crimson,2,https://cdn.shopify.com/s/files/1/0902/1489/1816/files/Nike-Vomero-Plus-White-Bright-Crimson-Nike-256155126.jpg?v=1784476938
nike-vomero-plus-white-bright-crimson,3,https://cdn.shopify.com/s/files/1/0902/1489/1816/files/Nike-Vomero-Plus-White-Bright-Crimson-Nike-256155291.jpg?v=1784476943
nike-vomero-plus-white-bright-crimson,4,https://cdn.shopify.com/s/files/1/0902/1489/1816/files/Nike-Vomero-Plus-White-Bright-Crimson-Nike-256155397.jpg?v=1782226015
nike-vomero-plus-white-bright-crimson,5,https://cdn.shopify.com/s/files/1/0902/1489/1816/files/Nike-Vomero-Plus-White-Bright-Crimson-Nike-256155459.jpg?v=1782226042
nike-vomero-plus-white-bright-crimson,6,https://cdn.shopify.com/s/files/1/0902/1489/1816/files/Nike-Vomero-Plus-White-Bright-Crimson-Nike-256155522.jpg?v=1782226070
nike-vomero-plus-white-bright-crimson,7,https://cdn.shopify.com/s/files/1/0902/1489/1816/files/Nike-Vomero-Plus-White-Bright-Crimson-Nike-256155653.jpg?v=1782226100
nike-vomero-plus-white-metallic-silver-light-smokey-grey,1,https://cdn.shopify.com/s/files/1/0902/1489/1816/files/Nike-Vomero-Plus-White-Metallic-Silver-Light-Smokey-Grey-Nike-254686431.jpg?v=1779206726
nike-vomero-plus-white-metallic-silver-light-smokey-grey,2,https://cdn.shopify.com/s/files/1/0902/1489/1816/files/Nike-Vomero-Plus-White-Metallic-Silver-Light-Smokey-Grey-Nike-254686276.avif?v=1779206541
nike-vomero-plus-white-metallic-silver-light-smokey-grey,3,https://cdn.shopify.com/s/files/1/0902/1489/1816/files/Nike-Vomero-Plus-White-Metallic-Silver-Light-Smokey-Grey-Nike-254685689.avif?v=1779206532
nike-vomero-plus-white-metallic-silver-light-smokey-grey,4,https://cdn.shopify.com/s/files/1/0902/1489/1816/files/Nike-Vomero-Plus-White-Metallic-Silver-Light-Smokey-Grey-Nike-254686365.avif?v=1779206542
nike-vomero-plus-white-metallic-silver-light-smokey-grey,5,https://cdn.shopify.com/s/files/1/0902/1489/1816/files/Nike-Vomero-Plus-White-Metallic-Silver-Light-Smokey-Grey-Nike-254685773.avif?v=1779206533
nike-vomero-plus-white-metallic-silver-light-smokey-grey,6,https://cdn.shopify.com/s/files/1/0902/1489/1816/files/Nike-Vomero-Plus-White-Metallic-Silver-Light-Smokey-Grey-Nike-254686185.avif?v=1779206540
nike-vomero-plus-white-metallic-silver-light-smokey-grey,7,https://cdn.shopify.com/s/files/1/0902/1489/1816/files/Nike-Vomero-Plus-White-Metallic-Silver-Light-Smokey-Grey-Nike-254685876.avif?v=1779206534
nike-vomero-plus-white-metallic-silver-light-smokey-grey,8,https://cdn.shopify.com/s/files/1/0902/1489/1816/files/Nike-Vomero-Plus-White-Metallic-Silver-Light-Smokey-Grey-Nike-254685913.avif?v=1779206542
nike-vomero-premium-white-bright-crimson,1,https://cdn.shopify.com/s/files/1/0902/1489/1816/files/Nike-Vomero-Premium-White-Bright-Crimson-Nike-256096427.png?v=1781783128
nike-vomero-premium-white-bright-crimson,2,https://cdn.shopify.com/s/files/1/0902/1489/1816/files/Nike-Vomero-Premium-White-Bright-Crimson-Nike-256095650.jpg?v=1781782636
nike-vomero-premium-white-bright-crimson,3,https://cdn.shopify.com/s/files/1/0902/1489/1816/files/Nike-Vomero-Premium-White-Bright-Crimson-Nike-256095746.jpg?v=1781782635
nike-vomero-premium-white-bright-crimson,4,https://cdn.shopify.com/s/files/1/0902/1489/1816/files/Nike-Vomero-Premium-White-Bright-Crimson-Nike-256095864.jpg?v=1781782638
nike-vomero-premium-white-bright-crimson,5,https://cdn.shopify.com/s/files/1/0902/1489/1816/files/Nike-Vomero-Premium-White-Bright-Crimson-Nike-256095927.jpg?v=1781782639
nike-vomero-premium-white-bright-crimson,6,https://cdn.shopify.com/s/files/1/0902/1489/1816/files/Nike-Vomero-Premium-White-Bright-Crimson-Nike-256096097.jpg?v=1781782641
nike-vomero-premium-white-bright-crimson,7,https://cdn.shopify.com/s/files/1/0902/1489/1816/files/Nike-Vomero-Premium-White-Bright-Crimson-Nike-256096179.jpg?v=1781782642
nike-vomero-premium-white-bright-crimson,8,https://cdn.shopify.com/s/files/1/0902/1489/1816/files/Nike-Vomero-Premium-White-Bright-Crimson-Nike-256096221.jpg?v=1781782642
nike-vomero-plus-white-blue-grey,1,https://cdn.shopify.com/s/files/1/0902/1489/1816/files/Nike-Vomero-Plus-White-Blue-Grey-Nike-254944142.png?v=1781798927
nike-vomero-plus-white-blue-grey,2,https://cdn.shopify.com/s/files/1/0902/1489/1816/files/Nike-Vomero-Plus-White-Blue-Grey-Nike-254943636.png?v=1781798906
nike-vomero-plus-white-blue-grey,3,https://cdn.shopify.com/s/files/1/0902/1489/1816/files/Nike-Vomero-Plus-White-Blue-Grey-Nike-254943820.png?v=1781798915
nike-vomero-plus-white-blue-grey,4,https://cdn.shopify.com/s/files/1/0902/1489/1816/files/Nike-Vomero-Plus-White-Blue-Grey-Nike-254944058.png?v=1781798923
nike-vomero-plus-white-blue-grey,5,https://cdn.shopify.com/s/files/1/0902/1489/1816/files/Nike-Vomero-Plus-White-Blue-Grey-Nike-254943596.png?v=1781798903
nike-vomero-plus-white-blue-grey,6,https://cdn.shopify.com/s/files/1/0902/1489/1816/files/Nike-Vomero-Plus-White-Blue-Grey-Nike-254943966.png?v=1781798919
nike-vomero-plus-white-blue-grey,7,https://cdn.shopify.com/s/files/1/0902/1489/1816/files/Nike-Vomero-Plus-White-Blue-Grey-Nike-254943715.png?v=1781798911
saucony-progrid-omni-9-pink-purple,1,https://cdn.shopify.com/s/files/1/0902/1489/1816/files/Saucony-ProGrid-Omni-9-Pink-Purple-Saucony-255797672.png?v=1781799203
saucony-progrid-omni-9-pink-purple,2,https://cdn.shopify.com/s/files/1/0902/1489/1816/files/Saucony-ProGrid-Omni-9-Pink-Purple-Saucony-255797412.jpg?v=1781798686
saucony-progrid-omni-9-pink-purple,3,https://cdn.shopify.com/s/files/1/0902/1489/1816/files/Saucony-ProGrid-Omni-9-Pink-Purple-Saucony-255797579.jpg?v=1781798692
saucony-progrid-omni-9-silver-mutant,1,https://cdn.shopify.com/s/files/1/0902/1489/1816/files/Saucony-ProGrid-Omni-9-Silver-Mutant-Saucony-255798720.png?v=1781799203
saucony-progrid-omni-9-silver-mutant,2,https://cdn.shopify.com/s/files/1/0902/1489/1816/files/Saucony-ProGrid-Omni-9-Silver-Mutant-Saucony-255798097.jpg?v=1781798695
saucony-progrid-omni-9-silver-mutant,3,https://cdn.shopify.com/s/files/1/0902/1489/1816/files/Saucony-ProGrid-Omni-9-Silver-Mutant-Saucony-255798262.jpg?v=1781798705
saucony-progrid-omni-9-silver-mutant,4,https://cdn.shopify.com/s/files/1/0902/1489/1816/files/Saucony-ProGrid-Omni-9-Silver-Mutant-Saucony-255798366.jpg?v=1781798711
saucony-progrid-omni-9-silver-mutant,5,https://cdn.shopify.com/s/files/1/0902/1489/1816/files/Saucony-ProGrid-Omni-9-Silver-Mutant-Saucony-255798470.jpg?v=1781798717
saucony-progrid-omni-9-silver-mutant,6,https://cdn.shopify.com/s/files/1/0902/1489/1816/files/Saucony-ProGrid-Omni-9-Silver-Mutant-Saucony-255798673.jpg?v=1781798720
saucony-progrid-omni-9-silver-mutant,7,https://cdn.shopify.com/s/files/1/0902/1489/1816/files/Saucony-ProGrid-Omni-9-Silver-Mutant-Saucony-255798169.jpg?v=1781798699
nike-pegasus-premium-barely-green,1,https://cdn.shopify.com/s/files/1/0902/1489/1816/files/Nike-Pegasus-Premium-Barely-Green-Bright-Crimson-Nike-255755076.png?v=1779525642
nike-pegasus-premium-barely-green,2,https://cdn.shopify.com/s/files/1/0902/1489/1816/files/Nike-Pegasus-Premium-Barely-Green-Nike-254749845.png?v=1781798763
nike-pegasus-premium-barely-green,3,https://cdn.shopify.com/s/files/1/0902/1489/1816/files/Nike-Pegasus-Premium-Barely-Green-Nike-254749241.png?v=1781798741
nike-pegasus-premium-barely-green,4,https://cdn.shopify.com/s/files/1/0902/1489/1816/files/Nike-Pegasus-Premium-Barely-Green-Nike-254749391.png?v=1781798745
nike-pegasus-premium-barely-green,5,https://cdn.shopify.com/s/files/1/0902/1489/1816/files/Nike-Pegasus-Premium-Barely-Green-Nike-254749781.png?v=1781798755
nike-pegasus-premium-barely-green,6,https://cdn.shopify.com/s/files/1/0902/1489/1816/files/Nike-Pegasus-Premium-Barely-Green-Nike-254749633.png?v=1781798754
nike-pegasus-premium-barely-green,7,https://cdn.shopify.com/s/files/1/0902/1489/1816/files/Nike-Pegasus-Premium-Barely-Green-Nike-254749569.png?v=1781798745
nike-mind-001-barely-green,1,https://cdn.shopify.com/s/files/1/0902/1489/1816/files/Nike-Mind-001-Barely-Green-Nike-255693854.png?v=1779215156
nike-mind-001-barely-green,2,https://cdn.shopify.com/s/files/1/0902/1489/1816/files/Nike-Mind-001-Slide-Barely-Green-Nike-255692580.jpg?v=1779213169
nike-mind-001-barely-green,3,https://cdn.shopify.com/s/files/1/0902/1489/1816/files/Nike-Mind-001-Slide-Barely-Green-Nike-255692649.jpg?v=1779213172
nike-mind-001-barely-green,4,https://cdn.shopify.com/s/files/1/0902/1489/1816/files/Nike-Mind-001-Slide-Barely-Green-Nike-255692793.jpg?v=1779213172
nike-mind-001-barely-green,5,https://cdn.shopify.com/s/files/1/0902/1489/1816/files/Nike-Mind-001-Slide-Barely-Green-Nike-255692826.jpg?v=1779213175
nike-mind-001-barely-green,6,https://cdn.shopify.com/s/files/1/0902/1489/1816/files/Nike-Mind-001-Slide-Barely-Green-Nike-255692925.jpg?v=1779213177
nike-mind-001-barely-green,7,https://cdn.shopify.com/s/files/1/0902/1489/1816/files/Nike-Mind-001-Slide-Barely-Green-Nike-255693029.jpg?v=1779213178
nike-mind-001-barely-green,8,https://cdn.shopify.com/s/files/1/0902/1489/1816/files/Nike-Mind-001-Slide-Barely-Green-Nike-255693140.jpg?v=1779213181
salomon-xt-4-og-fiery-red-black-1,1,https://cdn.shopify.com/s/files/1/0902/1489/1816/files/Salomon-XT-4-OG-Fiery-Red-Black-Salomon-255691736.png?v=1779213121
salomon-xt-4-og-fiery-red-black-1,2,https://cdn.shopify.com/s/files/1/0902/1489/1816/files/Salomon-XT-4-OG-Fiery-Red-Black-Salomon-255691887.jpg?v=1779213110
salomon-xt-4-og-fiery-red-black-1,3,https://cdn.shopify.com/s/files/1/0902/1489/1816/files/Salomon-XT-4-OG-Fiery-Red-Black-Salomon-255691973.jpg?v=1779213112
salomon-xt-4-og-fiery-red-black-1,4,https://cdn.shopify.com/s/files/1/0902/1489/1816/files/Salomon-XT-4-OG-Fiery-Red-Black-Salomon-255692069.jpg?v=1779213114
salomon-xt-4-og-fiery-red-black-1,5,https://cdn.shopify.com/s/files/1/0902/1489/1816/files/Salomon-XT-4-OG-Fiery-Red-Black-Salomon-255692174.jpg?v=1779213116
salomon-xt-4-og-fiery-red-black-1,6,https://cdn.shopify.com/s/files/1/0902/1489/1816/files/Salomon-XT-4-OG-Fiery-Red-Black-Salomon-255692216.jpg?v=1779213118
salomon-xt-4-og-fiery-red-black-1,7,https://cdn.shopify.com/s/files/1/0902/1489/1816/files/Salomon-XT-4-OG-Fiery-Red-Black-Salomon-255692326.jpg?v=1779213119
adidas-hyperboost-edge-equipment-green,1,https://cdn.shopify.com/s/files/1/0902/1489/1816/files/Adidas-Hyperboost-Edge-Equipment-Green-Adidas-254880969.png?v=1777508104
adidas-hyperboost-edge-equipment-green,2,https://cdn.shopify.com/s/files/1/0902/1489/1816/files/Adidas-Hyperboost-Edge-Equipment-Green-Adidas-254880771.jpg?v=1777507570
adidas-hyperboost-edge-equipment-green,3,https://cdn.shopify.com/s/files/1/0902/1489/1816/files/Adidas-Hyperboost-Edge-Equipment-Green-Adidas-254611446.png?v=1779207693
adidas-hyperboost-edge-equipment-green,4,https://cdn.shopify.com/s/files/1/0902/1489/1816/files/Adidas-Hyperboost-Edge-Equipment-Green-Adidas-254611373.png?v=1779207693
adidas-hyperboost-edge-equipment-green,5,https://cdn.shopify.com/s/files/1/0902/1489/1816/files/Adidas-Hyperboost-Edge-Equipment-Green-Adidas-254611528.png?v=1779207702
adidas-hyperboost-edge-equipment-green,6,https://cdn.shopify.com/s/files/1/0902/1489/1816/files/Adidas-Hyperboost-Edge-Equipment-Green-Adidas-254611699.png?v=1779207705
salomon-xt-4-og-protective-russet-french-roast,1,https://cdn.shopify.com/s/files/1/0902/1489/1816/files/Salomon-XT-4-OG-Protective-Russet-French-Roast-Salomon-255658814.png?v=1779208176
salomon-xt-4-og-protective-russet-french-roast,2,https://cdn.shopify.com/s/files/1/0902/1489/1816/files/Salomon-XT-4-OG-Protective-Russet-French-Roast-Salomon-255658272.jpg?v=1779207363
salomon-xt-4-og-protective-russet-french-roast,3,https://cdn.shopify.com/s/files/1/0902/1489/1816/files/Salomon-XT-4-OG-Protective-Russet-French-Roast-Salomon-255658463.jpg?v=1779207368
salomon-xt-4-og-protective-russet-french-roast,4,https://cdn.shopify.com/s/files/1/0902/1489/1816/files/Salomon-XT-4-OG-Protective-Russet-French-Roast-Salomon-255658393.jpg?v=1779207366
salomon-xt-4-og-protective-russet-french-roast,5,https://cdn.shopify.com/s/files/1/0902/1489/1816/files/Salomon-XT-4-OG-Protective-Russet-French-Roast-Salomon-255658536.jpg?v=1779207372
salomon-xt-4-og-protective-russet-french-roast,6,https://cdn.shopify.com/s/files/1/0902/1489/1816/files/Salomon-XT-4-OG-Protective-Russet-French-Roast-Salomon-255658633.jpg?v=1779207372
salomon-xt-4-og-protective-russet-french-roast,7,https://cdn.shopify.com/s/files/1/0902/1489/1816/files/Salomon-XT-4-OG-Protective-Russet-French-Roast-Salomon-255658725.jpg?v=1779207379
salomon-xt-6-expanse-alloy-grey-quiet-shade,1,https://cdn.shopify.com/s/files/1/0902/1489/1816/files/Salomon-XT-6-Expanse-Alloy-Grey-Quiet-Shade-Salomon-255648855.png?v=1779208061
salomon-xt-6-expanse-alloy-grey-quiet-shade,2,https://cdn.shopify.com/s/files/1/0902/1489/1816/files/Salomon-XT-6-Expanse-Alloy-Grey-Quiet-Shade-Salomon-254964086.png?v=1779208022
salomon-xt-6-expanse-alloy-grey-quiet-shade,3,https://cdn.shopify.com/s/files/1/0902/1489/1816/files/Salomon-XT-6-Expanse-Alloy-Grey-Quiet-Shade-Salomon-254964275.png?v=1779208030
salomon-xt-6-expanse-alloy-grey-quiet-shade,4,https://cdn.shopify.com/s/files/1/0902/1489/1816/files/Salomon-XT-6-Expanse-Alloy-Grey-Quiet-Shade-Salomon-254964327.png?v=1779208032
salomon-xt-6-expanse-alloy-grey-quiet-shade,5,https://cdn.shopify.com/s/files/1/0902/1489/1816/files/Salomon-XT-6-Expanse-Alloy-Grey-Quiet-Shade-Salomon-254964436.png?v=1779208037
salomon-xt-6-expanse-alloy-grey-quiet-shade,6,https://cdn.shopify.com/s/files/1/0902/1489/1816/files/Salomon-XT-6-Expanse-Alloy-Grey-Quiet-Shade-Salomon-254964592.png?v=1779208037
salomon-xt-6-gore-tex-end-asphalt-emerald,1,https://cdn.shopify.com/s/files/1/0902/1489/1816/files/Salomon-XT-6-GORE-TEX-END-Asphalt-Emerald-Salomon-255649761.png?v=1779208093
salomon-xt-6-gore-tex-end-asphalt-emerald,2,https://cdn.shopify.com/s/files/1/0902/1489/1816/files/Salomon-XT-6-GORE-TEX-END-Asphalt-Emerald-Salomon-255545046.jpg?v=1779206967
salomon-xt-6-gore-tex-end-asphalt-emerald,3,https://cdn.shopify.com/s/files/1/0902/1489/1816/files/Salomon-XT-6-GORE-TEX-END-Asphalt-Emerald-Salomon-255545184.jpg?v=1779206971
salomon-xt-6-gore-tex-end-asphalt-emerald,4,https://cdn.shopify.com/s/files/1/0902/1489/1816/files/Salomon-XT-6-GORE-TEX-END-Asphalt-Emerald-Salomon-255545217.jpg?v=1779206974
salomon-xt-6-gore-tex-end-asphalt-emerald,5,https://cdn.shopify.com/s/files/1/0902/1489/1816/files/Salomon-XT-6-GORE-TEX-END-Asphalt-Emerald-Salomon-255545348.jpg?v=1779206978
salomon-xt-6-gore-tex-end-asphalt-emerald,6,https://cdn.shopify.com/s/files/1/0902/1489/1816/files/Salomon-XT-6-GORE-TEX-END-Asphalt-Emerald-Salomon-255545490.jpg?v=1779206980
salomon-xt-6-gore-tex-end-asphalt-emerald,7,https://cdn.shopify.com/s/files/1/0902/1489/1816/files/Salomon-XT-6-GORE-TEX-END-Asphalt-Emerald-Salomon-255545577.jpg?v=1779206984
salomon-xt-6-gore-tex-end-asphalt-emerald,8,https://cdn.shopify.com/s/files/1/0902/1489/1816/files/Salomon-XT-6-GORE-TEX-END-Asphalt-Emerald-Salomon-255545669.jpg?v=1779206987
salomon-xt-6-gore-tex-end-asphalt-emerald,9,https://cdn.shopify.com/s/files/1/0902/1489/1816/files/Salomon-XT-6-GORE-TEX-END-Asphalt-Emerald-Salomon-255545725.jpg?v=1779206987
salomon-xt-6-white-ftw-silver,1,https://cdn.shopify.com/s/files/1/0902/1489/1816/files/Salomon-XT-6-White-FTW-Silver-Salomon-255648947.png?v=1779208087
salomon-xt-6-white-ftw-silver,2,https://cdn.shopify.com/s/files/1/0902/1489/1816/files/Salomon-XT-6-White-FTW-Silver-Salomon-255542514.jpg?v=1779206944
salomon-xt-6-white-ftw-silver,3,https://cdn.shopify.com/s/files/1/0902/1489/1816/files/Salomon-XT-6-White-FTW-Silver-Salomon-255542617.jpg?v=1779206947
salomon-xt-6-white-ftw-silver,4,https://cdn.shopify.com/s/files/1/0902/1489/1816/files/Salomon-XT-6-White-FTW-Silver-Salomon-255542776.jpg?v=1779206948
salomon-xt-6-white-ftw-silver,5,https://cdn.shopify.com/s/files/1/0902/1489/1816/files/Salomon-XT-6-White-FTW-Silver-Salomon-255542839.jpg?v=1779206953
salomon-xt-6-white-ftw-silver,6,https://cdn.shopify.com/s/files/1/0902/1489/1816/files/Salomon-XT-6-White-FTW-Silver-Salomon-255542975.jpg?v=1779206956
salomon-xt-6-white-ftw-silver,7,https://cdn.shopify.com/s/files/1/0902/1489/1816/files/Salomon-XT-6-White-FTW-Silver-Salomon-255543082.jpg?v=1779206961
salomon-xt-6-white-ftw-silver,8,https://cdn.shopify.com/s/files/1/0902/1489/1816/files/Salomon-XT-6-White-FTW-Silver-Salomon-255543152.jpg?v=1779206964
salomon-xt-6-lunar-rock-alloy-sulphur-spring,1,https://cdn.shopify.com/s/files/1/0902/1489/1816/files/Salomon-XT-6-Lunar-Rock-Alloy-Sulphur-Spring-Salomon-255648375.png?v=1779208083
salomon-xt-6-lunar-rock-alloy-sulphur-spring,2,https://cdn.shopify.com/s/files/1/0902/1489/1816/files/Salomon-XT-6-Lunar-Rock-Alloy-Sulphur-Spring-Salomon-254965061.png?v=1779208043
salomon-xt-6-lunar-rock-alloy-sulphur-spring,3,https://cdn.shopify.com/s/files/1/0902/1489/1816/files/Salomon-XT-6-Lunar-Rock-Alloy-Sulphur-Spring-Salomon-254965286.png?v=1779208049
salomon-xt-6-lunar-rock-alloy-sulphur-spring,4,https://cdn.shopify.com/s/files/1/0902/1489/1816/files/Salomon-XT-6-Lunar-Rock-Alloy-Sulphur-Spring-Salomon-254965394.png?v=1779208052
salomon-xt-6-lunar-rock-alloy-sulphur-spring,5,https://cdn.shopify.com/s/files/1/0902/1489/1816/files/Salomon-XT-6-Lunar-Rock-Alloy-Sulphur-Spring-Salomon-254965436.png?v=1779208055
salomon-xt-6-lunar-rock-alloy-sulphur-spring,6,https://cdn.shopify.com/s/files/1/0902/1489/1816/files/Salomon-XT-6-Lunar-Rock-Alloy-Sulphur-Spring-Salomon-254965594.png?v=1779208059
salomon-xt-6-lunar-rock-alloy-sulphur-spring,7,https://cdn.shopify.com/s/files/1/0902/1489/1816/files/Salomon-XT-6-Lunar-Rock-Alloy-Sulphur-Spring-Salomon-254965687.png?v=1779208062
salomon-s-lab-xt-6-soft-ground-black-olive,1,https://cdn.shopify.com/s/files/1/0902/1489/1816/files/Salomon-S-LAB-XT-6-Soft-Ground-Black-Olive-Salomon-255649017.png?v=1779208086
salomon-s-lab-xt-6-soft-ground-black-olive,2,https://cdn.shopify.com/s/files/1/0902/1489/1816/files/Salomon-S-LAB-XT-6-Soft-Ground-Black-Olive-Salomon-255649163.jpg?v=1779206922
salomon-s-lab-xt-6-soft-ground-black-olive,3,https://cdn.shopify.com/s/files/1/0902/1489/1816/files/Salomon-S-LAB-XT-6-Soft-Ground-Black-Olive-Salomon-255649268.jpg?v=1779206928
salomon-s-lab-xt-6-soft-ground-black-olive,4,https://cdn.shopify.com/s/files/1/0902/1489/1816/files/Salomon-S-LAB-XT-6-Soft-Ground-Black-Olive-Salomon-255649368.jpg?v=1779206932
salomon-s-lab-xt-6-soft-ground-black-olive,5,https://cdn.shopify.com/s/files/1/0902/1489/1816/files/Salomon-S-LAB-XT-6-Soft-Ground-Black-Olive-Salomon-255649441.jpg?v=1779206932
salomon-s-lab-xt-6-soft-ground-black-olive,6,https://cdn.shopify.com/s/files/1/0902/1489/1816/files/Salomon-S-LAB-XT-6-Soft-Ground-Black-Olive-Salomon-255649534.jpg?v=1779206938
salomon-s-lab-xt-6-soft-ground-black-olive,7,https://cdn.shopify.com/s/files/1/0902/1489/1816/files/Salomon-S-LAB-XT-6-Soft-Ground-Black-Olive-Salomon-255649613.jpg?v=1779206940
salomon-xt-6-vanilla-ice-bleached-sand-red-orang,1,https://cdn.shopify.com/s/files/1/0902/1489/1816/files/Salomon-XT-6-Vanilla-Ice-Bleached-Sand-Red-Orange-Salomon-255650536.png?v=1779208102
salomon-xt-6-vanilla-ice-bleached-sand-red-orang,2,https://cdn.shopify.com/s/files/1/0902/1489/1816/files/Salomon-XT-6-Vanilla-Ice-Bleached-Sand-Red-Orange-Salomon-255555775.jpg?v=1779207058
salomon-xt-6-vanilla-ice-bleached-sand-red-orang,3,https://cdn.shopify.com/s/files/1/0902/1489/1816/files/Salomon-XT-6-Vanilla-Ice-Bleached-Sand-Red-Orange-Salomon-255555873.jpg?v=1779207059
salomon-xt-6-vanilla-ice-bleached-sand-red-orang,4,https://cdn.shopify.com/s/files/1/0902/1489/1816/files/Salomon-XT-6-Vanilla-Ice-Bleached-Sand-Red-Orange-Salomon-255555991.jpg?v=1779207064
salomon-xt-6-vanilla-ice-bleached-sand-red-orang,5,https://cdn.shopify.com/s/files/1/0902/1489/1816/files/Salomon-XT-6-Vanilla-Ice-Bleached-Sand-Red-Orange-Salomon-255556055.jpg?v=1779207066
salomon-xt-6-vanilla-ice-bleached-sand-red-orang,6,https://cdn.shopify.com/s/files/1/0902/1489/1816/files/Salomon-XT-6-Vanilla-Ice-Bleached-Sand-Red-Orange-Salomon-255556197.jpg?v=1779207070
salomon-xt-6-vanilla-ice-bleached-sand-red-orang,7,https://cdn.shopify.com/s/files/1/0902/1489/1816/files/Salomon-XT-6-Vanilla-Ice-Bleached-Sand-Red-Orange-Salomon-255556288.jpg?v=1779207070
salomon-xt-6-vanilla-ice-bleached-sand-red-orang,8,https://cdn.shopify.com/s/files/1/0902/1489/1816/files/Salomon-XT-6-Vanilla-Ice-Bleached-Sand-Red-Orange-Salomon-255556319.jpg?v=1779207076
salomon-xt-6-vanilla-ice-bleached-sand-red-orang,9,https://cdn.shopify.com/s/files/1/0902/1489/1816/files/Salomon-XT-6-Vanilla-Ice-Bleached-Sand-Red-Orange-Salomon-255556478.jpg?v=1779207076
salomon-xt-6-white-lunar-rock,1,https://cdn.shopify.com/s/files/1/0902/1489/1816/files/Salomon-XT-6-White-Lunar-Rock-Salomon-255650042.png?v=1779208096
salomon-xt-6-white-lunar-rock,2,https://cdn.shopify.com/s/files/1/0902/1489/1816/files/Salomon-XT-6-White-Lunar-Rock-Salomon-255548278.jpg?v=1779207034
salomon-xt-6-white-lunar-rock,3,https://cdn.shopify.com/s/files/1/0902/1489/1816/files/Salomon-XT-6-White-Lunar-Rock-Salomon-255548364.jpg?v=1779207037
salomon-xt-6-white-lunar-rock,4,https://cdn.shopify.com/s/files/1/0902/1489/1816/files/Salomon-XT-6-White-Lunar-Rock-Salomon-255548776.jpg?v=1779207049
salomon-xt-6-white-lunar-rock,5,https://cdn.shopify.com/s/files/1/0902/1489/1816/files/Salomon-XT-6-White-Lunar-Rock-Salomon-255548482.jpg?v=1779207040
salomon-xt-6-white-lunar-rock,6,https://cdn.shopify.com/s/files/1/0902/1489/1816/files/Salomon-XT-6-White-Lunar-Rock-Salomon-255548597.jpg?v=1779207043
salomon-xt-6-white-lunar-rock,7,https://cdn.shopify.com/s/files/1/0902/1489/1816/files/Salomon-XT-6-White-Lunar-Rock-Salomon-255548637.jpg?v=1779207046
salomon-xt-6-white-lunar-rock,8,https://cdn.shopify.com/s/files/1/0902/1489/1816/files/Salomon-XT-6-White-Lunar-Rock-Salomon-255548862.jpg?v=1779207053
salomon-xt-6-white-lunar-rock,9,https://cdn.shopify.com/s/files/1/0902/1489/1816/files/Salomon-XT-6-White-Lunar-Rock-Salomon-255548998.jpg?v=1779207053
salomon-xt-6-recut-monument-phantom-vanilla-ice,1,https://cdn.shopify.com/s/files/1/0902/1489/1816/files/Salomon-XT-6-RECUT-Monument-Phantom-Vanilla-Ice-Salomon-255679738.png?v=1779128648
salomon-xt-6-recut-monument-phantom-vanilla-ice,2,https://cdn.shopify.com/s/files/1/0902/1489/1816/files/Salomon-XT-6-RECUT-Monument-Phantom-Vanilla-Ice-Salomon-255546956.jpg?v=1779207023
salomon-xt-6-recut-monument-phantom-vanilla-ice,3,https://cdn.shopify.com/s/files/1/0902/1489/1816/files/Salomon-XT-6-RECUT-Monument-Phantom-Vanilla-Ice-Salomon-255546569.jpg?v=1779207009
salomon-xt-6-recut-monument-phantom-vanilla-ice,4,https://cdn.shopify.com/s/files/1/0902/1489/1816/files/Salomon-XT-6-RECUT-Monument-Phantom-Vanilla-Ice-Salomon-255546630.jpg?v=1779207009
salomon-xt-6-recut-monument-phantom-vanilla-ice,5,https://cdn.shopify.com/s/files/1/0902/1489/1816/files/Salomon-XT-6-RECUT-Monument-Phantom-Vanilla-Ice-Salomon-255546872.jpg?v=1779207016
salomon-xt-6-recut-monument-phantom-vanilla-ice,6,https://cdn.shopify.com/s/files/1/0902/1489/1816/files/Salomon-XT-6-RECUT-Monument-Phantom-Vanilla-Ice-Salomon-255546796.jpg?v=1779207016
salomon-xt-6-recut-monument-phantom-vanilla-ice,7,https://cdn.shopify.com/s/files/1/0902/1489/1816/files/Salomon-XT-6-RECUT-Monument-Phantom-Vanilla-Ice-Salomon-255547025.jpg?v=1779207027
salomon-xt-6-recut-monument-phantom-vanilla-ice,8,https://cdn.shopify.com/s/files/1/0902/1489/1816/files/Salomon-XT-6-RECUT-Monument-Phantom-Vanilla-Ice-Salomon-255547354.jpg?v=1779207032
salomon-xt-6-recut-monument-phantom-vanilla-ice,9,https://cdn.shopify.com/s/files/1/0902/1489/1816/files/Salomon-XT-6-RECUT-Monument-Phantom-Vanilla-Ice-Salomon-255547152.jpg?v=1779207029
salomon-xt-6-turtledove-vintage-khaki-kelp,1,https://cdn.shopify.com/s/files/1/0902/1489/1816/files/Salomon-XT-6-Turtledove-Vintage-Khaki-Kelp-Salomon-255649918.png?v=1779208098
salomon-xt-6-turtledove-vintage-khaki-kelp,2,https://cdn.shopify.com/s/files/1/0902/1489/1816/files/Salomon-XT-6-Turtledove-Vintage-Khaki-Kelp-Salomon-255545956.jpg?v=1779206993
salomon-xt-6-turtledove-vintage-khaki-kelp,3,https://cdn.shopify.com/s/files/1/0902/1489/1816/files/Salomon-XT-6-Turtledove-Vintage-Khaki-Kelp-Salomon-255546055.jpg?v=1779206996
salomon-xt-6-turtledove-vintage-khaki-kelp,4,https://cdn.shopify.com/s/files/1/0902/1489/1816/files/Salomon-XT-6-Turtledove-Vintage-Khaki-Kelp-Salomon-255546121.jpg?v=1779206997
salomon-xt-6-turtledove-vintage-khaki-kelp,5,https://cdn.shopify.com/s/files/1/0902/1489/1816/files/Salomon-XT-6-Turtledove-Vintage-Khaki-Kelp-Salomon-255546218.jpg?v=1779207001
salomon-xt-6-turtledove-vintage-khaki-kelp,6,https://cdn.shopify.com/s/files/1/0902/1489/1816/files/Salomon-XT-6-Turtledove-Vintage-Khaki-Kelp-Salomon-255546326.jpg?v=1779207002
salomon-xt-6-turtledove-vintage-khaki-kelp,7,https://cdn.shopify.com/s/files/1/0902/1489/1816/files/Salomon-XT-6-Turtledove-Vintage-Khaki-Kelp-Salomon-255546465.jpg?v=1779207007
salomon-s-lab-xt-6-softground-lt-adv-white-vapor-blue,1,https://cdn.shopify.com/s/files/1/0902/1489/1816/files/Salomon-S-LAB-XT-6-Softground-LT-ADV-White-Vapor-Blue-Salomon-255651319.png?v=1779208111
salomon-s-lab-xt-6-softground-lt-adv-white-vapor-blue,2,https://cdn.shopify.com/s/files/1/0902/1489/1816/files/Salomon-S-LAB-XT-6-Softground-LT-ADV-White-Vapor-Blue-Salomon-255562151.jpg?v=1779207153
salomon-s-lab-xt-6-softground-lt-adv-white-vapor-blue,3,https://cdn.shopify.com/s/files/1/0902/1489/1816/files/Salomon-S-LAB-XT-6-Softground-LT-ADV-White-Vapor-Blue-Salomon-255562060.jpg?v=1779207151
salomon-s-lab-xt-6-softground-lt-adv-white-vapor-blue,4,https://cdn.shopify.com/s/files/1/0902/1489/1816/files/Salomon-S-LAB-XT-6-Softground-LT-ADV-White-Vapor-Blue-Salomon-255561764.jpg?v=1779207143
salomon-s-lab-xt-6-softground-lt-adv-white-vapor-blue,5,https://cdn.shopify.com/s/files/1/0902/1489/1816/files/Salomon-S-LAB-XT-6-Softground-LT-ADV-White-Vapor-Blue-Salomon-255562374.jpg?v=1779207156
salomon-s-lab-xt-6-softground-lt-adv-white-vapor-blue,6,https://cdn.shopify.com/s/files/1/0902/1489/1816/files/Salomon-S-LAB-XT-6-Softground-LT-ADV-White-Vapor-Blue-Salomon-255562470.jpg?v=1779207158
salomon-s-lab-xt-6-softground-lt-adv-white-vapor-blue,7,https://cdn.shopify.com/s/files/1/0902/1489/1816/files/Salomon-S-LAB-XT-6-Softground-LT-ADV-White-Vapor-Blue-Salomon-255561834.jpg?v=1779207148
salomon-xt-6-mindful-vanilla-ice-cloud-pink-orchid-petal,1,https://cdn.shopify.com/s/files/1/0902/1489/1816/files/Salomon-XT-6-Mindful-Vanilla-Ice-Cloud-Pink-Orchid-Petal-Salomon-255650985.png?v=1779208112
salomon-xt-6-mindful-vanilla-ice-cloud-pink-orchid-petal,2,https://cdn.shopify.com/s/files/1/0902/1489/1816/files/Salomon-XT-6-Mindful-Vanilla-Ice-Cloud-Pink-Orchid-Petal-Salomon-255560711.jpg?v=1779207124
salomon-xt-6-mindful-vanilla-ice-cloud-pink-orchid-petal,3,https://cdn.shopify.com/s/files/1/0902/1489/1816/files/Salomon-XT-6-Mindful-Vanilla-Ice-Cloud-Pink-Orchid-Petal-Salomon-255560851.jpg?v=1779207127
salomon-xt-6-mindful-vanilla-ice-cloud-pink-orchid-petal,4,https://cdn.shopify.com/s/files/1/0902/1489/1816/files/Salomon-XT-6-Mindful-Vanilla-Ice-Cloud-Pink-Orchid-Petal-Salomon-255560999.jpg?v=1779207128
salomon-xt-6-mindful-vanilla-ice-cloud-pink-orchid-petal,5,https://cdn.shopify.com/s/files/1/0902/1489/1816/files/Salomon-XT-6-Mindful-Vanilla-Ice-Cloud-Pink-Orchid-Petal-Salomon-255561061.jpg?v=1779207134
salomon-xt-6-mindful-vanilla-ice-cloud-pink-orchid-petal,6,https://cdn.shopify.com/s/files/1/0902/1489/1816/files/Salomon-XT-6-Mindful-Vanilla-Ice-Cloud-Pink-Orchid-Petal-Salomon-255561146.jpg?v=1779207134
salomon-xt-6-mindful-vanilla-ice-cloud-pink-orchid-petal,7,https://cdn.shopify.com/s/files/1/0902/1489/1816/files/Salomon-XT-6-Mindful-Vanilla-Ice-Cloud-Pink-Orchid-Petal-Salomon-255561273.jpg?v=1779207140
salomon-xt-6-mindful-vanilla-ice-cloud-pink-orchid-petal,8,https://cdn.shopify.com/s/files/1/0902/1489/1816/files/Salomon-XT-6-Mindful-Vanilla-Ice-Cloud-Pink-Orchid-Petal-Salomon-255561359.jpg?v=1779207142
salomon-xt-6-expanse-white-metal-black,1,https://cdn.shopify.com/s/files/1/0902/1489/1816/files/Salomon-XT-6-Expanse-White-Metal-Black-Salomon-255650826.png?v=1779208108
salomon-xt-6-expanse-white-metal-black,2,https://cdn.shopify.com/s/files/1/0902/1489/1816/files/Salomon-XT-6-Expanse-White-Metal-Black-Salomon-255559242.jpg?v=1779207117
salomon-xt-6-expanse-white-metal-black,3,https://cdn.shopify.com/s/files/1/0902/1489/1816/files/Salomon-XT-6-Expanse-White-Metal-Black-Salomon-255559189.jpg?v=1779207118
salomon-xt-6-expanse-white-metal-black,4,https://cdn.shopify.com/s/files/1/0902/1489/1816/files/Salomon-XT-6-Expanse-White-Metal-Black-Salomon-255558694.jpg?v=1779207108
salomon-xt-6-expanse-white-metal-black,5,https://cdn.shopify.com/s/files/1/0902/1489/1816/files/Salomon-XT-6-Expanse-White-Metal-Black-Salomon-255559020.jpg?v=1779207115
salomon-xt-6-expanse-white-metal-black,6,https://cdn.shopify.com/s/files/1/0902/1489/1816/files/Salomon-XT-6-Expanse-White-Metal-Black-Salomon-255558774.jpg?v=1779207111
salomon-xt-6-expanse-white-metal-black,7,https://cdn.shopify.com/s/files/1/0902/1489/1816/files/Salomon-XT-6-Expanse-White-Metal-Black-Salomon-255558853.jpg?v=1779207114
salomon-xt-6-expanse-white-metal-black,8,https://cdn.shopify.com/s/files/1/0902/1489/1816/files/Salomon-XT-6-Expanse-White-Metal-Black-Salomon-255558594.jpg?v=1779207105
salomon-s-lab-xt-6-adv-triple-black,1,https://cdn.shopify.com/s/files/1/0902/1489/1816/files/Salomon-S-LAB-XT-6-ADV-Triple-Black-Salomon-255650657.png?v=1779208102
salomon-s-lab-xt-6-adv-triple-black,2,https://cdn.shopify.com/s/files/1/0902/1489/1816/files/Salomon-S-LAB-XT-6-ADV-Triple-Black-Salomon-255557636.jpg?v=1779207081
salomon-s-lab-xt-6-adv-triple-black,3,https://cdn.shopify.com/s/files/1/0902/1489/1816/files/Salomon-S-LAB-XT-6-ADV-Triple-Black-Salomon-255557714.jpg?v=1779207082
salomon-s-lab-xt-6-adv-triple-black,4,https://cdn.shopify.com/s/files/1/0902/1489/1816/files/Salomon-S-LAB-XT-6-ADV-Triple-Black-Salomon-255557888.jpg?v=1779207087
salomon-s-lab-xt-6-adv-triple-black,5,https://cdn.shopify.com/s/files/1/0902/1489/1816/files/Salomon-S-LAB-XT-6-ADV-Triple-Black-Salomon-255557913.jpg?v=1779207089
salomon-s-lab-xt-6-adv-triple-black,6,https://cdn.shopify.com/s/files/1/0902/1489/1816/files/Salomon-S-LAB-XT-6-ADV-Triple-Black-Salomon-255558088.jpg?v=1779207092
salomon-s-lab-xt-6-adv-triple-black,7,https://cdn.shopify.com/s/files/1/0902/1489/1816/files/Salomon-S-LAB-XT-6-ADV-Triple-Black-Salomon-255558274.jpg?v=1779207098
salomon-s-lab-xt-6-adv-triple-black,8,https://cdn.shopify.com/s/files/1/0902/1489/1816/files/Salomon-S-LAB-XT-6-ADV-Triple-Black-Salomon-255558164.jpg?v=1779207096
salomon-s-lab-xt-6-adv-triple-black,9,https://cdn.shopify.com/s/files/1/0902/1489/1816/files/Salomon-S-LAB-XT-6-ADV-Triple-Black-Salomon-255558355.jpg?v=1779207102
salomon-xt-6-gore-tex-safari-black,1,https://cdn.shopify.com/s/files/1/0902/1489/1816/files/Salomon-XT-6-GORE-TEX-Safari-Black-Salomon-255650751.png?v=1779208124
salomon-xt-6-gore-tex-safari-black,2,https://cdn.shopify.com/s/files/1/0902/1489/1816/files/Salomon-XT-6-GORE-TEX-Safari-Black-Salomon-255569422.jpg?v=1779207215
salomon-xt-6-gore-tex-safari-black,3,https://cdn.shopify.com/s/files/1/0902/1489/1816/files/Salomon-XT-6-GORE-TEX-Safari-Black-Salomon-255569318.jpg?v=1779207213
salomon-xt-6-gore-tex-safari-black,4,https://cdn.shopify.com/s/files/1/0902/1489/1816/files/Salomon-XT-6-GORE-TEX-Safari-Black-Salomon-255569516.jpg?v=1779207220
salomon-xt-6-gore-tex-safari-black,5,https://cdn.shopify.com/s/files/1/0902/1489/1816/files/Salomon-XT-6-GORE-TEX-Safari-Black-Salomon-255569643.jpg?v=1779207221
salomon-xt-6-gore-tex-safari-black,6,https://cdn.shopify.com/s/files/1/0902/1489/1816/files/Salomon-XT-6-GORE-TEX-Safari-Black-Salomon-255569778.jpg?v=1779207224
salomon-xt-6-gore-tex-safari-black,7,https://cdn.shopify.com/s/files/1/0902/1489/1816/files/Salomon-XT-6-GORE-TEX-Safari-Black-Salomon-255569899.jpg?v=1779207228
salomon-xt-6-expanse-white-bleached-sand-dusky-orchid,1,https://cdn.shopify.com/s/files/1/0902/1489/1816/files/Salomon-XT-6-Expanse-White-Bleached-Sand-Dusky-Orchid-Salomon-255651266.png?v=1779208123
salomon-xt-6-expanse-white-bleached-sand-dusky-orchid,2,https://cdn.shopify.com/s/files/1/0902/1489/1816/files/Salomon-XT-6-Expanse-White-Bleached-Sand-Dusky-Orchid-Salomon-255568027.jpg?v=1779207191
salomon-xt-6-expanse-white-bleached-sand-dusky-orchid,3,https://cdn.shopify.com/s/files/1/0902/1489/1816/files/Salomon-XT-6-Expanse-White-Bleached-Sand-Dusky-Orchid-Salomon-255568173.jpg?v=1779207196
salomon-xt-6-expanse-white-bleached-sand-dusky-orchid,4,https://cdn.shopify.com/s/files/1/0902/1489/1816/files/Salomon-XT-6-Expanse-White-Bleached-Sand-Dusky-Orchid-Salomon-255568424.jpg?v=1779207204
salomon-xt-6-expanse-white-bleached-sand-dusky-orchid,5,https://cdn.shopify.com/s/files/1/0902/1489/1816/files/Salomon-XT-6-Expanse-White-Bleached-Sand-Dusky-Orchid-Salomon-255568221.jpg?v=1779207198
salomon-xt-6-expanse-white-bleached-sand-dusky-orchid,6,https://cdn.shopify.com/s/files/1/0902/1489/1816/files/Salomon-XT-6-Expanse-White-Bleached-Sand-Dusky-Orchid-Salomon-255568525.jpg?v=1779207204
salomon-xt-6-expanse-white-bleached-sand-dusky-orchid,7,https://cdn.shopify.com/s/files/1/0902/1489/1816/files/Salomon-XT-6-Expanse-White-Bleached-Sand-Dusky-Orchid-Salomon-255568348.jpg?v=1779207200
salomon-xt-6-expanse-white-bleached-sand-dusky-orchid,8,https://cdn.shopify.com/s/files/1/0902/1489/1816/files/Salomon-XT-6-Expanse-White-Bleached-Sand-Dusky-Orchid-Salomon-255568653.jpg?v=1779207211
salomon-xt-6-shadow-gull-grey-violet,1,https://cdn.shopify.com/s/files/1/0902/1489/1816/files/Salomon-XT-6-Shadow-Gull-Grey-Violet-Salomon-255651193.png?v=1779208120
salomon-xt-6-shadow-gull-grey-violet,2,https://cdn.shopify.com/s/files/1/0902/1489/1816/files/Salomon-XT-6-Shadow-Gull-Grey-Violet-Salomon-255567334.jpg?v=1779207179
salomon-xt-6-shadow-gull-grey-violet,3,https://cdn.shopify.com/s/files/1/0902/1489/1816/files/Salomon-XT-6-Shadow-Gull-Grey-Violet-Salomon-255567489.jpg?v=1779207182
salomon-xt-6-shadow-gull-grey-violet,4,https://cdn.shopify.com/s/files/1/0902/1489/1816/files/Salomon-XT-6-Shadow-Gull-Grey-Violet-Salomon-255567543.jpg?v=1779207183
salomon-xt-6-shadow-gull-grey-violet,5,https://cdn.shopify.com/s/files/1/0902/1489/1816/files/Salomon-XT-6-Shadow-Gull-Grey-Violet-Salomon-255567676.jpg?v=1779207188
salomon-xt-6-shadow-gull-grey-violet,6,https://cdn.shopify.com/s/files/1/0902/1489/1816/files/Salomon-XT-6-Shadow-Gull-Grey-Violet-Salomon-255567764.jpg?v=1779207190
salomon-xt-6-grisaille-blue-nights,1,https://cdn.shopify.com/s/files/1/0902/1489/1816/files/Salomon-XT-6-Grisaille-Blue-Nights-Salomon-255651025.png?v=1779208117
salomon-xt-6-grisaille-blue-nights,2,https://cdn.shopify.com/s/files/1/0902/1489/1816/files/Salomon-XT-6-Grisaille-Blue-Nights-Salomon-255563370.jpg?v=1779207161
salomon-xt-6-grisaille-blue-nights,3,https://cdn.shopify.com/s/files/1/0902/1489/1816/files/Salomon-XT-6-Grisaille-Blue-Nights-Salomon-255563464.jpg?v=1779207164
salomon-xt-6-grisaille-blue-nights,4,https://cdn.shopify.com/s/files/1/0902/1489/1816/files/Salomon-XT-6-Grisaille-Blue-Nights-Salomon-255563510.jpg?v=1779207166
salomon-xt-6-grisaille-blue-nights,5,https://cdn.shopify.com/s/files/1/0902/1489/1816/files/Salomon-XT-6-Grisaille-Blue-Nights-Salomon-255563675.jpg?v=1779207168
salomon-xt-6-grisaille-blue-nights,6,https://cdn.shopify.com/s/files/1/0902/1489/1816/files/Salomon-XT-6-Grisaille-Blue-Nights-Salomon-255563759.jpg?v=1779207174
salomon-xt-6-grisaille-blue-nights,7,https://cdn.shopify.com/s/files/1/0902/1489/1816/files/Salomon-XT-6-Grisaille-Blue-Nights-Salomon-255563866.jpg?v=1779207177
salomon-xt-6-expanse-vanilla-ice-white-alloy-1,1,https://cdn.shopify.com/s/files/1/0902/1489/1816/files/Salomon-XT-6-Expanse-Vanilla-Ice-White-Alloy-Salomon-255638722.png?v=1779208140
salomon-xt-6-expanse-vanilla-ice-white-alloy-1,2,https://cdn.shopify.com/s/files/1/0902/1489/1816/files/Salomon-XT-6-Expanse-Vanilla-Ice-White-Alloy-Salomon-255638244.jpg?v=1779207286
salomon-xt-6-expanse-vanilla-ice-white-alloy-1,3,https://cdn.shopify.com/s/files/1/0902/1489/1816/files/Salomon-XT-6-Expanse-Vanilla-Ice-White-Alloy-Salomon-255638341.jpg?v=1779207289
salomon-xt-6-expanse-vanilla-ice-white-alloy-1,4,https://cdn.shopify.com/s/files/1/0902/1489/1816/files/Salomon-XT-6-Expanse-Vanilla-Ice-White-Alloy-Salomon-255638484.jpg?v=1779207293
salomon-xt-6-expanse-vanilla-ice-white-alloy-1,5,https://cdn.shopify.com/s/files/1/0902/1489/1816/files/Salomon-XT-6-Expanse-Vanilla-Ice-White-Alloy-Salomon-255638579.jpg?v=1779207295
salomon-xt-6-expanse-vanilla-ice-white-alloy-1,6,https://cdn.shopify.com/s/files/1/0902/1489/1816/files/Salomon-XT-6-Expanse-Vanilla-Ice-White-Alloy-Salomon-255638610.jpg?v=1779207297
salomon-xt-6-ghost-grey-ghost-grey-grey-flannel,1,https://cdn.shopify.com/s/files/1/0902/1489/1816/files/Salomon-XT-6-Ghost-Grey-Ghost-Grey-Grey-Flannel-Salomon-255627487.png?v=1779208136
salomon-xt-6-ghost-grey-ghost-grey-grey-flannel,2,https://cdn.shopify.com/s/files/1/0902/1489/1816/files/Salomon-XT-6-Ghost-Grey-Ghost-Grey-Grey-Flannel-Salomon-255626342.jpg?v=1779207268
salomon-xt-6-ghost-grey-ghost-grey-grey-flannel,3,https://cdn.shopify.com/s/files/1/0902/1489/1816/files/Salomon-XT-6-Ghost-Grey-Ghost-Grey-Grey-Flannel-Salomon-255626434.jpg?v=1779207271
salomon-xt-6-ghost-grey-ghost-grey-grey-flannel,4,https://cdn.shopify.com/s/files/1/0902/1489/1816/files/Salomon-XT-6-Ghost-Grey-Ghost-Grey-Grey-Flannel-Salomon-255626595.jpg?v=1779207273
salomon-xt-6-ghost-grey-ghost-grey-grey-flannel,5,https://cdn.shopify.com/s/files/1/0902/1489/1816/files/Salomon-XT-6-Ghost-Grey-Ghost-Grey-Grey-Flannel-Salomon-255626616.jpg?v=1779207277
salomon-xt-6-ghost-grey-ghost-grey-grey-flannel,6,https://cdn.shopify.com/s/files/1/0902/1489/1816/files/Salomon-XT-6-Ghost-Grey-Ghost-Grey-Grey-Flannel-Salomon-255626715.jpg?v=1779207280
salomon-xt-6-ghost-grey-ghost-grey-grey-flannel,7,https://cdn.shopify.com/s/files/1/0902/1489/1816/files/Salomon-XT-6-Ghost-Grey-Ghost-Grey-Grey-Flannel-Salomon-255626889.jpg?v=1779207283
salomon-s-lab-xt-6-softground-lt-adv-vanilla-vapor-blue-imperial-blue,1,https://cdn.shopify.com/s/files/1/0902/1489/1816/files/Salomon-S-LAB-XT-6-Softground-LT-ADV-Vanilla-Vapor-Blue-Imperial-Blue-Salomon-255648214.png?v=1779208130
salomon-s-lab-xt-6-softground-lt-adv-vanilla-vapor-blue-imperial-blue,2,https://cdn.shopify.com/s/files/1/0902/1489/1816/files/Salomon-S-LAB-XT-6-Softground-LT-ADV-Vanilla-Vapor-Blue-Imperial-Blue-Salomon-255625467.jpg?v=1779207246
salomon-s-lab-xt-6-softground-lt-adv-vanilla-vapor-blue-imperial-blue,3,https://cdn.shopify.com/s/files/1/0902/1489/1816/files/Salomon-S-LAB-XT-6-Softground-LT-ADV-Vanilla-Vapor-Blue-Imperial-Blue-Salomon-255625567.jpg?v=1779207252
salomon-s-lab-xt-6-softground-lt-adv-vanilla-vapor-blue-imperial-blue,4,https://cdn.shopify.com/s/files/1/0902/1489/1816/files/Salomon-S-LAB-XT-6-Softground-LT-ADV-Vanilla-Vapor-Blue-Imperial-Blue-Salomon-255625619.jpg?v=1779207253
salomon-s-lab-xt-6-softground-lt-adv-vanilla-vapor-blue-imperial-blue,5,https://cdn.shopify.com/s/files/1/0902/1489/1816/files/Salomon-S-LAB-XT-6-Softground-LT-ADV-Vanilla-Vapor-Blue-Imperial-Blue-Salomon-255625759.jpg?v=1779207256
salomon-s-lab-xt-6-softground-lt-adv-vanilla-vapor-blue-imperial-blue,6,https://cdn.shopify.com/s/files/1/0902/1489/1816/files/Salomon-S-LAB-XT-6-Softground-LT-ADV-Vanilla-Vapor-Blue-Imperial-Blue-Salomon-255625849.jpg?v=1779207257
salomon-s-lab-xt-6-softground-lt-adv-vanilla-vapor-blue-imperial-blue,7,https://cdn.shopify.com/s/files/1/0902/1489/1816/files/Salomon-S-LAB-XT-6-Softground-LT-ADV-Vanilla-Vapor-Blue-Imperial-Blue-Salomon-255625928.jpg?v=1779207261
salomon-s-lab-xt-6-softground-lt-adv-vanilla-vapor-blue-imperial-blue,8,https://cdn.shopify.com/s/files/1/0902/1489/1816/files/Salomon-S-LAB-XT-6-Softground-LT-ADV-Vanilla-Vapor-Blue-Imperial-Blue-Salomon-255626042.jpg?v=1779207265
salomon-s-lab-xt-6-softground-lt-adv-vanilla-vapor-blue-imperial-blue,9,https://cdn.shopify.com/s/files/1/0902/1489/1816/files/Salomon-S-LAB-XT-6-Softground-LT-ADV-Vanilla-Vapor-Blue-Imperial-Blue-Salomon-255626192.jpg?v=1779207264
salomon-xt-6-gore-tex-black-footwear-silver,1,https://cdn.shopify.com/s/files/1/0902/1489/1816/files/Salomon-XT-6-GORE-TEX-Black-Footwear-Silver-Salomon-255649814.png?v=1779208130
salomon-xt-6-gore-tex-black-footwear-silver,2,https://cdn.shopify.com/s/files/1/0902/1489/1816/files/Salomon-XT-6-GORE-TEX-Black-Footwear-Silver-Salomon-255624886.jpg?v=1779207240
salomon-xt-6-gore-tex-black-footwear-silver,3,https://cdn.shopify.com/s/files/1/0902/1489/1816/files/Salomon-XT-6-GORE-TEX-Black-Footwear-Silver-Salomon-255624575.jpg?v=1779207232
salomon-xt-6-gore-tex-black-footwear-silver,4,https://cdn.shopify.com/s/files/1/0902/1489/1816/files/Salomon-XT-6-GORE-TEX-Black-Footwear-Silver-Salomon-255624722.jpg?v=1779207238
salomon-xt-6-gore-tex-black-footwear-silver,5,https://cdn.shopify.com/s/files/1/0902/1489/1816/files/Salomon-XT-6-GORE-TEX-Black-Footwear-Silver-Salomon-255624984.jpg?v=1779207241
salomon-xt-6-gore-tex-black-footwear-silver,6,https://cdn.shopify.com/s/files/1/0902/1489/1816/files/Salomon-XT-6-GORE-TEX-Black-Footwear-Silver-Salomon-255625120.jpg?v=1779207246
salomon-xt-6-gore-tex-black-footwear-silver,7,https://cdn.shopify.com/s/files/1/0902/1489/1816/files/Salomon-XT-6-GORE-TEX-Black-Footwear-Silver-Salomon-255624688.jpg?v=1779207236
children-of-the-discordance-x-salomon-xt-6,1,https://cdn.shopify.com/s/files/1/0902/1489/1816/files/Children-of-the-Discordance-x-Salomon-XT-6-Salomon-255646082.png?v=1779208160
children-of-the-discordance-x-salomon-xt-6,2,https://cdn.shopify.com/s/files/1/0902/1489/1816/files/Children-of-the-Discordance-x-Salomon-XT-6-Salomon-255645499.jpg?v=1779207317
children-of-the-discordance-x-salomon-xt-6,3,https://cdn.shopify.com/s/files/1/0902/1489/1816/files/Children-of-the-Discordance-x-Salomon-XT-6-Salomon-255645756.jpg?v=1779207326
children-of-the-discordance-x-salomon-xt-6,4,https://cdn.shopify.com/s/files/1/0902/1489/1816/files/Children-of-the-Discordance-x-Salomon-XT-6-Salomon-255645574.jpg?v=1779207317
children-of-the-discordance-x-salomon-xt-6,5,https://cdn.shopify.com/s/files/1/0902/1489/1816/files/Children-of-the-Discordance-x-Salomon-XT-6-Salomon-255645628.jpg?v=1779207324
children-of-the-discordance-x-salomon-xt-6,6,https://cdn.shopify.com/s/files/1/0902/1489/1816/files/Children-of-the-Discordance-x-Salomon-XT-6-Salomon-255645894.jpg?v=1779207326
salomon-xt-6-expanse-alloy-quiet-shade,1,https://cdn.shopify.com/s/files/1/0902/1489/1816/files/Salomon-XT-6-Expanse-Alloy-Quiet-Shade-Salomon-255643522.png?v=1779208160
salomon-xt-6-expanse-alloy-quiet-shade,2,https://cdn.shopify.com/s/files/1/0902/1489/1816/files/Salomon-XT-6-Expanse-Alloy-Quiet-Shade-Salomon-255642956.jpg?v=1779207300
salomon-xt-6-expanse-alloy-quiet-shade,3,https://cdn.shopify.com/s/files/1/0902/1489/1816/files/Salomon-XT-6-Expanse-Alloy-Quiet-Shade-Salomon-255643083.jpg?v=1779207303
salomon-xt-6-expanse-alloy-quiet-shade,4,https://cdn.shopify.com/s/files/1/0902/1489/1816/files/Salomon-XT-6-Expanse-Alloy-Quiet-Shade-Salomon-255643110.jpg?v=1779207304
salomon-xt-6-expanse-alloy-quiet-shade,5,https://cdn.shopify.com/s/files/1/0902/1489/1816/files/Salomon-XT-6-Expanse-Alloy-Quiet-Shade-Salomon-255643232.jpg?v=1779207308
salomon-xt-6-expanse-alloy-quiet-shade,6,https://cdn.shopify.com/s/files/1/0902/1489/1816/files/Salomon-XT-6-Expanse-Alloy-Quiet-Shade-Salomon-255643359.jpg?v=1779207309
salomon-xt-6-expanse-alloy-quiet-shade,7,https://cdn.shopify.com/s/files/1/0902/1489/1816/files/Salomon-XT-6-Expanse-Alloy-Quiet-Shade-Salomon-255643452.jpg?v=1779207314
salomon-xt-6-advanced-white-lunar-rock-icy-morn,1,https://cdn.shopify.com/s/files/1/0902/1489/1816/files/Salomon-XT-6-Advanced-White-Lunar-Rock-Icy-Morn-Salomon-255642088.png?v=1779208157
salomon-xt-6-advanced-white-lunar-rock-icy-morn,2,https://cdn.shopify.com/s/files/1/0902/1489/1816/files/Salomon-XT-6-Advanced-White-Lunar-Rock-Icy-Morn-Salomon-255641324.png?v=1779208129
salomon-xt-6-advanced-white-lunar-rock-icy-morn,3,https://cdn.shopify.com/s/files/1/0902/1489/1816/files/Salomon-XT-6-Advanced-White-Lunar-Rock-Icy-Morn-Salomon-255641421.png?v=1779208131
salomon-xt-6-advanced-white-lunar-rock-icy-morn,4,https://cdn.shopify.com/s/files/1/0902/1489/1816/files/Salomon-XT-6-Advanced-White-Lunar-Rock-Icy-Morn-Salomon-255641552.png?v=1779208136
salomon-xt-6-advanced-white-lunar-rock-icy-morn,5,https://cdn.shopify.com/s/files/1/0902/1489/1816/files/Salomon-XT-6-Advanced-White-Lunar-Rock-Icy-Morn-Salomon-255641615.png?v=1779208140
salomon-xt-6-advanced-white-lunar-rock-icy-morn,6,https://cdn.shopify.com/s/files/1/0902/1489/1816/files/Salomon-XT-6-Advanced-White-Lunar-Rock-Icy-Morn-Salomon-255641799.png?v=1779208142
salomon-xt-6-advanced-white-lunar-rock-icy-morn,7,https://cdn.shopify.com/s/files/1/0902/1489/1816/files/Salomon-XT-6-Advanced-White-Lunar-Rock-Icy-Morn-Salomon-255641874.png?v=1779208146
salomon-xt-6-expanse-iron-bracken-black,1,https://cdn.shopify.com/s/files/1/0902/1489/1816/files/Salomon-XT-6-Expanse-Feather-Grey-Golden-Oak-Salomon-255646830.png?v=1779208165
salomon-xt-6-expanse-iron-bracken-black,2,https://cdn.shopify.com/s/files/1/0902/1489/1816/files/Salomon-XT-6-Expanse-Feather-Grey-Golden-Oak-Salomon-255648443.jpg?v=1779207332
salomon-xt-6-expanse-iron-bracken-black,3,https://cdn.shopify.com/s/files/1/0902/1489/1816/files/Salomon-XT-6-Expanse-Feather-Grey-Golden-Oak-Salomon-255648579.jpg?v=1779207334
salomon-xt-6-expanse-iron-bracken-black,4,https://cdn.shopify.com/s/files/1/0902/1489/1816/files/Salomon-XT-6-Expanse-Feather-Grey-Golden-Oak-Salomon-255648660.jpg?v=1779207338
salomon-xt-6-expanse-iron-bracken-black,5,https://cdn.shopify.com/s/files/1/0902/1489/1816/files/Salomon-XT-6-Expanse-Feather-Grey-Golden-Oak-Salomon-255648772.jpg?v=1779207341
nike-vomero-plus-hyper-pink-burgundy-crush,1,https://cdn.shopify.com/s/files/1/0902/1489/1816/files/Nike-Vomero-Plus-Hyper-Pink-Burgundy-Crush-Nike-254871218.jpg?v=1779206868
nike-vomero-plus-hyper-pink-burgundy-crush,2,https://cdn.shopify.com/s/files/1/0902/1489/1816/files/Nike-Vomero-Plus-Hyper-Pink-Burgundy-Crush-Nike-254871124.webp?v=1779208297
nike-vomero-plus-hyper-pink-burgundy-crush,3,https://cdn.shopify.com/s/files/1/0902/1489/1816/files/Nike-Vomero-Plus-Hyper-Pink-Burgundy-Crush-Nike-254870542.webp?v=1779208283
nike-vomero-plus-hyper-pink-burgundy-crush,4,https://cdn.shopify.com/s/files/1/0902/1489/1816/files/Nike-Vomero-Plus-Hyper-Pink-Burgundy-Crush-Nike-254870653.webp?v=1779208288
nike-vomero-plus-hyper-pink-burgundy-crush,5,https://cdn.shopify.com/s/files/1/0902/1489/1816/files/Nike-Vomero-Plus-Hyper-Pink-Burgundy-Crush-Nike-254870893.webp?v=1779208292
nike-vomero-plus-hyper-pink-burgundy-crush,6,https://cdn.shopify.com/s/files/1/0902/1489/1816/files/Nike-Vomero-Plus-Hyper-Pink-Burgundy-Crush-Nike-254871027.jpg?v=1779206845
nike-vomero-plus-hyper-pink-burgundy-crush,7,https://cdn.shopify.com/s/files/1/0902/1489/1816/files/Nike-Vomero-Plus-Hyper-Pink-Burgundy-Crush-Nike-254870991.webp?v=1779208293
nike-vomero-plus-hyper-pink-burgundy-crush,8,https://cdn.shopify.com/s/files/1/0902/1489/1816/files/Nike-Vomero-Plus-Hyper-Pink-Burgundy-Crush-Nike-254870736.webp?v=1779208288
nike-vomero-18-anthracite,1,https://cdn.shopify.com/s/files/1/0902/1489/1816/files/Nike-Vomero-18-Anthracite-Nike-254869496.jpg?v=1779206858
nike-vomero-18-anthracite,2,https://cdn.shopify.com/s/files/1/0902/1489/1816/files/Nike-Vomero-18-Anthracite-Nike-254869114.webp?v=1779208277
nike-vomero-18-anthracite,3,https://cdn.shopify.com/s/files/1/0902/1489/1816/files/Nike-Vomero-18-Anthracite-Nike-254868621.webp?v=1779208269
nike-vomero-18-anthracite,4,https://cdn.shopify.com/s/files/1/0902/1489/1816/files/Nike-Vomero-18-Anthracite-Nike-254869023.webp?v=1779208276
nike-vomero-18-anthracite,5,https://cdn.shopify.com/s/files/1/0902/1489/1816/files/Nike-Vomero-18-Anthracite-Nike-254868963.webp?v=1779208274
nike-vomero-18-anthracite,6,https://cdn.shopify.com/s/files/1/0902/1489/1816/files/Nike-Vomero-18-Anthracite-Nike-254868862.jpg?v=1779206834
nike-vomero-18-anthracite,7,https://cdn.shopify.com/s/files/1/0902/1489/1816/files/Nike-Vomero-18-Anthracite-Nike-254868737.jpg?v=1779206830
nike-vomero-18-anthracite,8,https://cdn.shopify.com/s/files/1/0902/1489/1816/files/Nike-Vomero-18-Anthracite-Nike-254869263.webp?v=1779208282
nike-vomero-plus-green-barely-volt,1,https://cdn.shopify.com/s/files/1/0902/1489/1816/files/Nike-Vomero-Plus-Green-Barely-Volt-Nike-254758742.jpg?v=1779206832
nike-vomero-plus-green-barely-volt,2,https://cdn.shopify.com/s/files/1/0902/1489/1816/files/Nike-Vomero-Plus-Green-Barely-Volt-Nike-254759058.webp?v=1777314557
nike-vomero-plus-green-barely-volt,3,https://cdn.shopify.com/s/files/1/0902/1489/1816/files/Nike-Vomero-Plus-Green-Barely-Volt-Nike-254758842.webp?v=1777314555
nike-vomero-plus-green-barely-volt,4,https://cdn.shopify.com/s/files/1/0902/1489/1816/files/Nike-Vomero-Plus-Green-Barely-Volt-Nike-254759196.webp?v=1777314557
nike-vomero-plus-green-barely-volt,5,https://cdn.shopify.com/s/files/1/0902/1489/1816/files/Nike-Vomero-Plus-Green-Barely-Volt-Nike-254759385.webp?v=1779208260
nike-vomero-plus-green-barely-volt,6,https://cdn.shopify.com/s/files/1/0902/1489/1816/files/Nike-Vomero-Plus-Green-Barely-Volt-Nike-254758574.jpg?v=1779206804
nike-vomero-plus-green-barely-volt,7,https://cdn.shopify.com/s/files/1/0902/1489/1816/files/Nike-Vomero-Plus-Green-Barely-Volt-Nike-254759215.webp?v=1777314559
nike-vomero-plus-green-barely-volt,8,https://cdn.shopify.com/s/files/1/0902/1489/1816/files/Nike-Vomero-Plus-Green-Barely-Volt-Nike-254758925.webp?v=1777314555
nike-vomero-plus-blue-hero,1,https://cdn.shopify.com/s/files/1/0902/1489/1816/files/Nike-Vomero-Plus-Blue-Hero-Nike-254760053.png?v=1779207728
nike-vomero-plus-blue-hero,2,https://cdn.shopify.com/s/files/1/0902/1489/1816/files/Nike-Vomero-Plus-Blue-Hero-Nike-254759590.jpg?v=1779206811
nike-vomero-plus-blue-hero,3,https://cdn.shopify.com/s/files/1/0902/1489/1816/files/Nike-Vomero-Plus-Blue-Hero-Nike-254759796.jpg?v=1779206815
nike-vomero-plus-blue-hero,4,https://cdn.shopify.com/s/files/1/0902/1489/1816/files/Nike-Vomero-Plus-Blue-Hero-Nike-254759695.jpg?v=1779206814
nike-vomero-plus-blue-hero,5,https://cdn.shopify.com/s/files/1/0902/1489/1816/files/Nike-Vomero-Plus-Blue-Hero-Nike-254759997.jpg?v=1779206819
nike-vomero-plus-blue-hero,6,https://cdn.shopify.com/s/files/1/0902/1489/1816/files/Nike-Vomero-Plus-Blue-Hero-Nike-254759859.jpg?v=1779206819
nike-vomero-plus-orange-pulse,1,https://cdn.shopify.com/s/files/1/0902/1489/1816/files/Nike-Vomero-Plus-Orange-Black-Nike-254756877.jpg?v=1777310954
nike-vomero-plus-orange-pulse,2,https://cdn.shopify.com/s/files/1/0902/1489/1816/files/Nike-Vomero-Plus-Orange-Pulse-Nike-254756592.webp?v=1779208238
nike-vomero-plus-orange-pulse,3,https://cdn.shopify.com/s/files/1/0902/1489/1816/files/Nike-Vomero-Plus-Orange-Pulse-Nike-254756380.webp?v=1779208234
nike-vomero-plus-orange-pulse,4,https://cdn.shopify.com/s/files/1/0902/1489/1816/files/Nike-Vomero-Plus-Orange-Pulse-Nike-254756414.webp?v=1779208234
nike-vomero-plus-orange-pulse,5,https://cdn.shopify.com/s/files/1/0902/1489/1816/files/Nike-Vomero-Plus-Orange-Pulse-Nike-254756232.webp?v=1779208231
nike-vomero-plus-orange-pulse,6,https://cdn.shopify.com/s/files/1/0902/1489/1816/files/Nike-Vomero-Plus-Orange-Pulse-Nike-254756141.jpg?v=1779206793
nike-vomero-plus-orange-pulse,7,https://cdn.shopify.com/s/files/1/0902/1489/1816/files/Nike-Vomero-Plus-Orange-Pulse-Nike-254756066.webp?v=1779208229
nike-vomero-plus-orange-pulse,8,https://cdn.shopify.com/s/files/1/0902/1489/1816/files/Nike-Vomero-Plus-Orange-Pulse-Nike-254756630.webp?v=1779208239
nike-vomero-premium-sail-coconut-milk-total-orange,1,https://cdn.shopify.com/s/files/1/0902/1489/1816/files/Nike-Vomero-Premium-Sail-Coconut-Milk-Total-Orange-Nike-255707050.png?v=1779288564
nike-vomero-premium-sail-coconut-milk-total-orange,2,https://cdn.shopify.com/s/files/1/0902/1489/1816/files/Nike-Vomero-Premium-Sail-Coconut-Milk-Total-Orange-Nike-255706432.jpg?v=1779288431
nike-vomero-premium-sail-coconut-milk-total-orange,3,https://cdn.shopify.com/s/files/1/0902/1489/1816/files/Nike-Vomero-Premium-Sail-Coconut-Milk-Total-Orange-Nike-255706577.jpg?v=1779288432
nike-vomero-premium-sail-coconut-milk-total-orange,4,https://cdn.shopify.com/s/files/1/0902/1489/1816/files/Nike-Vomero-Premium-Sail-Coconut-Milk-Total-Orange-Nike-255706646.jpg?v=1779288432
nike-vomero-premium-sail-coconut-milk-total-orange,5,https://cdn.shopify.com/s/files/1/0902/1489/1816/files/Nike-Vomero-Premium-Sail-Coconut-Milk-Total-Orange-Nike-255706776.jpg?v=1779288436
nike-vomero-premium-sail-coconut-milk-total-orange,6,https://cdn.shopify.com/s/files/1/0902/1489/1816/files/Nike-Vomero-Premium-Sail-Coconut-Milk-Total-Orange-Nike-255706856.jpg?v=1779288436
nike-alphafly-3-the-sting-international-running-pack-1978,1,https://cdn.shopify.com/s/files/1/0902/1489/1816/files/Alphafly-3-Rouge-Noir-Jaune-Nike-246484525.png?v=1771249894
nike-alphafly-3-the-sting-international-running-pack-1978,2,https://cdn.shopify.com/s/files/1/0902/1489/1816/files/Alphafly-3-Rouge-Noir-Jaune-Nike-246484698.png?v=1771249893
nike-alphafly-3-the-sting-international-running-pack-1978,3,https://cdn.shopify.com/s/files/1/0902/1489/1816/files/Nike-Alphafly-3-_The-Sting_-International-Running-Pack-1978-Nike-255666630.jpg?v=1779071269
nike-alphafly-3-the-sting-international-running-pack-1978,4,https://cdn.shopify.com/s/files/1/0902/1489/1816/files/Nike-Alphafly-3-_The-Sting_-International-Running-Pack-1978-Nike-255666816.jpg?v=1779071271
nike-alphafly-3-the-sting-international-running-pack-1978,5,https://cdn.shopify.com/s/files/1/0902/1489/1816/files/Alphafly-3-Rouge-Noir-Jaune-Nike-246484873.png?v=1771249899
nike-alphafly-3-the-sting-international-running-pack-1978,6,https://cdn.shopify.com/s/files/1/0902/1489/1816/files/Nike-Alphafly-3-_The-Sting_-International-Running-Pack-1978-Nike-255666729.jpg?v=1779071271
nike-alphafly-3-the-sting-international-running-pack-1978,7,https://cdn.shopify.com/s/files/1/0902/1489/1816/files/Alphafly-3-Rouge-Noir-Jaune-Nike-246484765.png?v=1771249895
nike-mind-001-pearl-pink,1,https://cdn.shopify.com/s/files/1/0902/1489/1816/files/Nike-Mind-001-Pearl-Pink-Nike-254678055.jpg?v=1779206808
nike-mind-001-pearl-pink,2,https://cdn.shopify.com/s/files/1/0902/1489/1816/files/Nike-Mind-001-Pearl-Pink-Nike-254677452.webp?v=1779208220
nike-mind-001-pearl-pink,3,https://cdn.shopify.com/s/files/1/0902/1489/1816/files/Nike-Mind-001-Pearl-Pink-Nike-254677571.webp?v=1779208213
nike-mind-001-pearl-pink,4,https://cdn.shopify.com/s/files/1/0902/1489/1816/files/Nike-Mind-001-Pearl-Pink-Nike-254677622.webp?v=1779208217
nike-mind-001-pearl-pink,5,https://cdn.shopify.com/s/files/1/0902/1489/1816/files/Nike-Mind-001-Pearl-Pink-Nike-254677777.webp?v=1779208218
nike-mind-001-pearl-pink,6,https://cdn.shopify.com/s/files/1/0902/1489/1816/files/Nike-Mind-001-Pearl-Pink-Nike-254677891.webp?v=1779208224
nike-mind-001-pearl-pink,7,https://cdn.shopify.com/s/files/1/0902/1489/1816/files/Nike-Mind-001-Pearl-Pink-Nike-254677974.webp?v=1779208224
nike-vomero-plus-reverse-swoosh,1,https://cdn.shopify.com/s/files/1/0902/1489/1816/files/Nike-Vomero-Plus-Reverse-Swoosh-Nike-254676611.jpg?v=1779206735
nike-vomero-plus-reverse-swoosh,2,https://cdn.shopify.com/s/files/1/0902/1489/1816/files/Nike-Vomero-Plus-Reverse-Swoosh-Nike-255794472.jpg?v=1779802233
nike-vomero-plus-reverse-swoosh,3,https://cdn.shopify.com/s/files/1/0902/1489/1816/files/Nike-Vomero-Plus-Reverse-Swoosh-Nike-255794560.jpg?v=1779802284
nike-vomero-plus-reverse-swoosh,4,https://cdn.shopify.com/s/files/1/0902/1489/1816/files/Nike-Vomero-Plus-Reverse-Swoosh-Nike-255794648.jpg?v=1779802290
nike-vomero-plus-reverse-swoosh,5,https://cdn.shopify.com/s/files/1/0902/1489/1816/files/Nike-Vomero-Plus-Reverse-Swoosh-Nike-255794786.jpg?v=1779802293
nike-vomero-plus-reverse-swoosh,6,https://cdn.shopify.com/s/files/1/0902/1489/1816/files/Nike-Vomero-Plus-Reverse-Swoosh-Nike-255794899.jpg?v=1779802297
nike-vomero-plus-reverse-swoosh,7,https://cdn.shopify.com/s/files/1/0902/1489/1816/files/Nike-Vomero-Plus-Reverse-Swoosh-Nike-255794965.jpg?v=1779802298
nike-vomero-plus-reverse-swoosh,8,https://cdn.shopify.com/s/files/1/0902/1489/1816/files/Nike-Vomero-Plus-Reverse-Swoosh-Nike-255795041.jpg?v=1779802300
nike-vomero-plus-black-white,1,https://cdn.shopify.com/s/files/1/0902/1489/1816/files/Nike-Vomero-Plus-Black-White-Nike-254675616.jpg?v=1779206741
nike-vomero-plus-black-white,2,https://cdn.shopify.com/s/files/1/0902/1489/1816/files/Nike-Vomero-Plus-Black-White-Nike-254675097.avif?v=1779206548
nike-vomero-plus-black-white,3,https://cdn.shopify.com/s/files/1/0902/1489/1816/files/Nike-Vomero-Plus-Black-White-Nike-254675280.avif?v=1779206552
nike-vomero-plus-black-white,4,https://cdn.shopify.com/s/files/1/0902/1489/1816/files/Nike-Vomero-Plus-Black-White-Nike-254675169.avif?v=1779206553
nike-vomero-plus-black-white,5,https://cdn.shopify.com/s/files/1/0902/1489/1816/files/Nike-Vomero-Plus-Black-White-Nike-254675367.avif?v=1779206552
nike-vomero-plus-black-white,6,https://cdn.shopify.com/s/files/1/0902/1489/1816/files/Nike-Vomero-Plus-Black-White-Nike-254675445.avif?v=1779206554
nike-vomero-plus-black-white,7,https://cdn.shopify.com/s/files/1/0902/1489/1816/files/Nike-Vomero-Plus-Black-White-Nike-254674957.avif?v=1779206548
nike-alphafly-3-fuchsia-glow-purple-dynasty,1,https://cdn.shopify.com/s/files/1/0902/1489/1816/files/Nike-Alphafly-3-Fuchsia-Glow-Purple-Dynasty-Nike-254618813.jpg?v=1779206808
nike-alphafly-3-fuchsia-glow-purple-dynasty,2,https://cdn.shopify.com/s/files/1/0902/1489/1816/files/Nike-Alphafly-3-Fuchsia-Glow-Purple-Dynasty-Nike-254618799.jpg?v=1779206807
nike-alphafly-3-fuchsia-glow-purple-dynasty,3,https://cdn.shopify.com/s/files/1/0902/1489/1816/files/Nike-Alphafly-3-Fuchsia-Glow-Purple-Dynasty-Nike-255666971.jpg?v=1779072160
nike-alphafly-3-fuchsia-glow-purple-dynasty,4,https://cdn.shopify.com/s/files/1/0902/1489/1816/files/Nike-Alphafly-3-Fuchsia-Glow-Purple-Dynasty-Nike-255667038.jpg?v=1779072160
nike-alphafly-3-fuchsia-glow-purple-dynasty,5,https://cdn.shopify.com/s/files/1/0902/1489/1816/files/Nike-Alphafly-3-Fuchsia-Glow-Purple-Dynasty-Nike-255667150.jpg?v=1779072160
nike-alphafly-3-fuchsia-glow-purple-dynasty,6,https://cdn.shopify.com/s/files/1/0902/1489/1816/files/Nike-Alphafly-3-Fuchsia-Glow-Purple-Dynasty-Nike-255667274.jpg?v=1779072160
nike-alphafly-3-fuchsia-glow-purple-dynasty,7,https://cdn.shopify.com/s/files/1/0902/1489/1816/files/Nike-Alphafly-3-Fuchsia-Glow-Purple-Dynasty-Nike-255667355.jpg?v=1779072163
nike-alphafly-3-fuchsia-glow-purple-dynasty,8,https://cdn.shopify.com/s/files/1/0902/1489/1816/files/Nike-Alphafly-3-Fuchsia-Glow-Purple-Dynasty-Nike-255667472.jpg?v=1779072164
nike-alphafly-3-fuchsia-glow-purple-dynasty,9,https://cdn.shopify.com/s/files/1/0902/1489/1816/files/Nike-Alphafly-3-Fuchsia-Glow-Purple-Dynasty-Nike-255667556.jpg?v=1779072164
nike-vomero-plus-black,1,https://cdn.shopify.com/s/files/1/0902/1489/1816/files/Vomero-Plus-Noir-Nike-254686760.jpg?v=1777128199
nike-vomero-plus-black,2,https://cdn.shopify.com/s/files/1/0902/1489/1816/files/Nike-Vomero-Plus-Black-Nike-254598235.jpg?v=1779206725
nike-vomero-plus-black,3,https://cdn.shopify.com/s/files/1/0902/1489/1816/files/Vomero-Plus-Noir-Nike-254686846.webp?v=1777128315
nike-vomero-plus-black,4,https://cdn.shopify.com/s/files/1/0902/1489/1816/files/Vomero-Plus-Noir-Nike-254687039.webp?v=1777128318
nike-vomero-plus-black,5,https://cdn.shopify.com/s/files/1/0902/1489/1816/files/Vomero-Plus-Noir-Nike-254686924.webp?v=1777128316
nike-vomero-plus-black,6,https://cdn.shopify.com/s/files/1/0902/1489/1816/files/Vomero-Plus-Noir-Nike-254687155.webp?v=1777128320
nike-vomero-plus-black,7,https://cdn.shopify.com/s/files/1/0902/1489/1816/files/Vomero-Plus-Noir-Nike-254687274.webp?v=1777128320
saucony-og-progrid-omni-9-black-silver-retro-runner,1,https://cdn.shopify.com/s/files/1/0902/1489/1816/files/Saucony-OG-ProGrid-Omni-9-Black-Silver-_-Retro-Runner-Saucony-254554091.jpg?v=1779206746
saucony-og-progrid-omni-9-black-silver-retro-runner,2,https://cdn.shopify.com/s/files/1/0902/1489/1816/files/Saucony-OG-ProGrid-Omni-9-Black-Silver-_-Retro-Runner-Saucony-254530182.png?v=1779207637
saucony-og-progrid-omni-9-black-silver-retro-runner,3,https://cdn.shopify.com/s/files/1/0902/1489/1816/files/Saucony-OG-ProGrid-Omni-9-Black-Silver-_-Retro-Runner-Saucony-254530290.png?v=1779207639
saucony-og-progrid-omni-9-black-silver-retro-runner,4,https://cdn.shopify.com/s/files/1/0902/1489/1816/files/Saucony-OG-ProGrid-Omni-9-Black-Silver-_-Retro-Runner-Saucony-254530393.png?v=1779207645
saucony-og-progrid-omni-9-black-silver-retro-runner,5,https://cdn.shopify.com/s/files/1/0902/1489/1816/files/Saucony-OG-ProGrid-Omni-9-Black-Silver-_-Retro-Runner-Saucony-254530458.png?v=1779207645
saucony-og-progrid-omni-9-black-silver-retro-runner,6,https://cdn.shopify.com/s/files/1/0902/1489/1816/files/Saucony-OG-ProGrid-Omni-9-Black-Silver-_-Retro-Runner-Saucony-254554686.jpg?v=1779206751
saucony-progrid-omni-9-armor-black-runner,1,https://cdn.shopify.com/s/files/1/0902/1489/1816/files/Saucony-ProGrid-Omni-9-Armor-Black-_-Retro-Runner-Saucony-254554335.jpg?v=1779206746
saucony-progrid-omni-9-armor-black-runner,2,https://cdn.shopify.com/s/files/1/0902/1489/1816/files/Saucony-ProGrid-Omni-9-Armor-Black-_-Retro-Runner-Saucony-254529547.png?v=1779207624
saucony-progrid-omni-9-armor-black-runner,3,https://cdn.shopify.com/s/files/1/0902/1489/1816/files/Saucony-ProGrid-Omni-9-Armor-Black-_-Retro-Runner-Saucony-254529767.png?v=1779207626
saucony-progrid-omni-9-armor-black-runner,4,https://cdn.shopify.com/s/files/1/0902/1489/1816/files/Saucony-ProGrid-Omni-9-Armor-Black-_-Retro-Runner-Saucony-254529877.png?v=1779207633
saucony-progrid-omni-9-armor-black-runner,5,https://cdn.shopify.com/s/files/1/0902/1489/1816/files/Saucony-ProGrid-Omni-9-Armor-Black-_-Retro-Runner-Saucony-254529976.png?v=1779207636
saucony-progrid-omni-9-fabricated-future-white-multi,1,https://cdn.shopify.com/s/files/1/0902/1489/1816/files/Saucony-ProGrid-Omni-9-Fabricated-Future-White-Multi-Saucony-254555294.jpg?v=1776679126
saucony-progrid-omni-9-fabricated-future-white-multi,2,https://cdn.shopify.com/s/files/1/0902/1489/1816/files/Saucony-ProGrid-Omni-9-Fabricated-Future-White-Multi-Saucony-254528482.png?v=1779207610
saucony-progrid-omni-9-fabricated-future-white-multi,3,https://cdn.shopify.com/s/files/1/0902/1489/1816/files/Saucony-ProGrid-Omni-9-Fabricated-Future-White-Multi-Saucony-254528554.png?v=1779207612
saucony-progrid-omni-9-fabricated-future-white-multi,4,https://cdn.shopify.com/s/files/1/0902/1489/1816/files/Saucony-ProGrid-Omni-9-Fabricated-Future-White-Multi-Saucony-254528645.png?v=1779207615
saucony-progrid-omni-9-fabricated-future-white-multi,5,https://cdn.shopify.com/s/files/1/0902/1489/1816/files/Saucony-ProGrid-Omni-9-Fabricated-Future-White-Multi-Saucony-254528755.png?v=1779207617
saucony-progrid-omni-9-fabricated-future-white-multi,6,https://cdn.shopify.com/s/files/1/0902/1489/1816/files/Saucony-ProGrid-Omni-9-Fabricated-Future-White-Multi-Saucony-254528881.png?v=1779207623
saucony-progrid-omni-9-metallic-grey-silver,1,https://cdn.shopify.com/s/files/1/0902/1489/1816/files/Saucony-ProGrid-Omni-9-Metallic-Grey-Silver-_-Sneaker-Saucony-254552618.jpg?v=1779206749
saucony-progrid-omni-9-metallic-grey-silver,2,https://cdn.shopify.com/s/files/1/0902/1489/1816/files/Saucony-ProGrid-Omni-9-Metallic-Grey-Silver-_-Sneaker-Saucony-254530664.png?v=1779207650
saucony-progrid-omni-9-metallic-grey-silver,3,https://cdn.shopify.com/s/files/1/0902/1489/1816/files/Saucony-ProGrid-Omni-9-Metallic-Grey-Silver-_-Sneaker-Saucony-254530765.png?v=1779207655
saucony-progrid-omni-9-metallic-grey-silver,4,https://cdn.shopify.com/s/files/1/0902/1489/1816/files/Saucony-ProGrid-Omni-9-Metallic-Grey-Silver-_-Sneaker-Saucony-254530834.png?v=1779207655
saucony-progrid-omni-9-metallic-grey-silver,5,https://cdn.shopify.com/s/files/1/0902/1489/1816/files/Saucony-ProGrid-Omni-9-Metallic-Grey-Silver-_-Sneaker-Saucony-254530925.png?v=1779207656
saucony-progrid-omni-9-metallic-grey-silver,6,https://cdn.shopify.com/s/files/1/0902/1489/1816/files/Saucony-ProGrid-Omni-9-Metallic-Grey-Silver-_-Sneaker-Saucony-254531084.png?v=1779207663
nike-mind-001-mineral-slate,1,https://cdn.shopify.com/s/files/1/0902/1489/1816/files/Nike-Mind-001-Mineral-Slate-Nike-254544719.png?v=1776597014
nike-mind-001-mineral-slate,2,https://cdn.shopify.com/s/files/1/0902/1489/1816/files/Nike-Mind-001-Mineral-Slate-Nike-254544815.png?v=1776597008
nike-mind-001-mineral-slate,3,https://cdn.shopify.com/s/files/1/0902/1489/1816/files/Nike-Mind-001-Mineral-Slate-Nike-254544975.png?v=1776597012
nike-mind-001-mineral-slate,4,https://cdn.shopify.com/s/files/1/0902/1489/1816/files/Nike-Mind-001-Mineral-Slate-Nike-254545064.png?v=1776597012
nike-mind-001-mineral-slate,5,https://cdn.shopify.com/s/files/1/0902/1489/1816/files/Nike-Mind-001-Mineral-Slate-Nike-254545116.png?v=1776597013
nike-mind-001-mineral-slate,6,https://cdn.shopify.com/s/files/1/0902/1489/1816/files/Nike-Mind-001-Mineral-Slate-Nike-254545255.png?v=1776597014
nike-mind-001-mineral-slate,7,https://cdn.shopify.com/s/files/1/0902/1489/1816/files/Nike-Mind-001-Mineral-Slate-Nike-254545367.png?v=1776597017
nike-mind-001-geode-teal-light-menta,1,https://cdn.shopify.com/s/files/1/0902/1489/1816/files/Nike-Mind-001-Geode-teal-Light-Menta-Nike-254544179.png?v=1776596873
nike-mind-001-geode-teal-light-menta,2,https://cdn.shopify.com/s/files/1/0902/1489/1816/files/Nike-Mind-001-Geode-teal-Light-Menta-Nike-254544234.png?v=1776596869
nike-mind-001-geode-teal-light-menta,3,https://cdn.shopify.com/s/files/1/0902/1489/1816/files/Nike-Mind-001-Geode-teal-Light-Menta-Nike-254544378.png?v=1776596871
nike-mind-001-geode-teal-light-menta,4,https://cdn.shopify.com/s/files/1/0902/1489/1816/files/Nike-Mind-001-Geode-teal-Light-Menta-Nike-254544460.png?v=1776596871
nike-mind-001-geode-teal-light-menta,5,https://cdn.shopify.com/s/files/1/0902/1489/1816/files/Nike-Mind-001-Geode-teal-Light-Menta-Nike-254544515.png?v=1776596873
nike-mind-001-geode-teal-light-menta,6,https://cdn.shopify.com/s/files/1/0902/1489/1816/files/Nike-Mind-001-Geode-teal-Light-Menta-Nike-254544618.png?v=1776596873
nike-mind-001-blackened-blue,1,https://cdn.shopify.com/s/files/1/0902/1489/1816/files/Nike-Mind-001-Blackened-Blue-Nike-254543526.png?v=1776615291
nike-mind-001-blackened-blue,2,https://cdn.shopify.com/s/files/1/0902/1489/1816/files/Nike-Mind-001-Blackened-Blue-Nike-254543415.png?v=1776615302
nike-mind-001-blackened-blue,3,https://cdn.shopify.com/s/files/1/0902/1489/1816/files/Nike-Mind-001-Blackened-Blue-Nike-254543685.png?v=1776615299
nike-mind-001-blackened-blue,4,https://cdn.shopify.com/s/files/1/0902/1489/1816/files/Nike-Mind-001-Blackened-Blue-Nike-254543757.png?v=1776615298
nike-mind-001-blackened-blue,5,https://cdn.shopify.com/s/files/1/0902/1489/1816/files/Nike-Mind-001-Blackened-Blue-Nike-254543856.png?v=1776615308
nike-mind-001-blackened-blue,6,https://cdn.shopify.com/s/files/1/0902/1489/1816/files/Nike-Mind-001-Blackened-Blue-Nike-254543984.png?v=1776615305
nike-mind-001-blackened-blue,7,https://cdn.shopify.com/s/files/1/0902/1489/1816/files/Nike-Mind-001-Blackened-Blue-Nike-254544048.png?v=1776615308
hoka-bondi-9-luna-moth-blue-spark,1,https://cdn.shopify.com/s/files/1/0902/1489/1816/files/Hoka-Bondi-9-Luna-Moth-Blue-Spark-Hoka-256532986.png?v=1784125150
hoka-bondi-9-luna-moth-blue-spark,2,https://cdn.shopify.com/s/files/1/0902/1489/1816/files/Hoka-Bondi-9-Luna-Moth-Blue-Spark-Hoka-256533085.jpg?v=1784125328
hoka-bondi-9-luna-moth-blue-spark,3,https://cdn.shopify.com/s/files/1/0902/1489/1816/files/Hoka-Bondi-9-Luna-Moth-Blue-Spark-Hoka-256533155.jpg?v=1784125392
hoka-bondi-9-luna-moth-blue-spark,4,https://cdn.shopify.com/s/files/1/0902/1489/1816/files/Hoka-Bondi-9-Luna-Moth-Blue-Spark-Hoka-256533259.jpg?v=1784125398
hoka-bondi-9-luna-moth-blue-spark,5,https://cdn.shopify.com/s/files/1/0902/1489/1816/files/Hoka-Bondi-9-Luna-Moth-Blue-Spark-Hoka-256533372.jpg?v=1784125401
hoka-bondi-9-luna-moth-blue-spark,6,https://cdn.shopify.com/s/files/1/0902/1489/1816/files/Hoka-Bondi-9-Luna-Moth-Blue-Spark-Hoka-256533494.jpg?v=1784125404
hoka-bondi-9-luna-moth-blue-spark,7,https://cdn.shopify.com/s/files/1/0902/1489/1816/files/Hoka-Bondi-9-Luna-Moth-Blue-Spark-Hoka-256533557.jpg?v=1784125409
hoka-bondi-9-frost-pale-tangerine,1,https://cdn.shopify.com/s/files/1/0902/1489/1816/files/Hoka-Bondi-9-Frost-Pale-Tangerine-Hoka-256534050.png?v=1784126267
hoka-bondi-9-frost-pale-tangerine,2,https://cdn.shopify.com/s/files/1/0902/1489/1816/files/Hoka-Bondi-9-Frost-Pale-Tangerine-Hoka-256533617.jpg?v=1784126143
hoka-bondi-9-frost-pale-tangerine,3,https://cdn.shopify.com/s/files/1/0902/1489/1816/files/Hoka-Bondi-9-Frost-Pale-Tangerine-Hoka-256533741.jpg?v=1784126144
hoka-bondi-9-frost-pale-tangerine,4,https://cdn.shopify.com/s/files/1/0902/1489/1816/files/Hoka-Bondi-9-Frost-Pale-Tangerine-Hoka-256533875.jpg?v=1784126146
hoka-bondi-9-frost-pale-tangerine,5,https://cdn.shopify.com/s/files/1/0902/1489/1816/files/Hoka-Bondi-9-Frost-Pale-Tangerine-Hoka-256533952.jpg?v=1784126146
brooks-glycerin-max-folkstone-orange-pop,1,https://cdn.shopify.com/s/files/1/0902/1489/1816/files/Glycerin-Max-Bleu-Brooks-245752145.jpg?v=1766703134
brooks-glycerin-max-folkstone-orange-pop,2,https://cdn.shopify.com/s/files/1/0902/1489/1816/files/Glycerin-Max-Bleu-Brooks-245752410.webp?v=1766703141
brooks-glycerin-max-folkstone-orange-pop,3,https://cdn.shopify.com/s/files/1/0902/1489/1816/files/Glycerin-Max-Bleu-Brooks-245752286.webp?v=1766703134
brooks-glycerin-max-folkstone-orange-pop,4,https://cdn.shopify.com/s/files/1/0902/1489/1816/files/Glycerin-Max-Bleu-Brooks-245752349.webp?v=1766703137
brooks-glycerin-max-folkstone-orange-pop,5,https://cdn.shopify.com/s/files/1/0902/1489/1816/files/Glycerin-Max-Bleu-Brooks-245752534.webp?v=1766703143
brooks-glycerin-max-folkstone-orange-pop,6,https://cdn.shopify.com/s/files/1/0902/1489/1816/files/Glycerin-Max-Bleu-Brooks-245752651.jpg?v=1766703148
brooks-glycerin-max-folkstone-orange-pop,7,https://cdn.shopify.com/s/files/1/0902/1489/1816/files/Glycerin-Max-Bleu-Brooks-245752753.webp?v=1766703150
brooks-glycerin-max-aurora-black-ebony,1,https://cdn.shopify.com/s/files/1/0902/1489/1816/files/Glycerin-Max-Noir-Brooks-245751262.jpg?v=1766703112
brooks-glycerin-max-aurora-black-ebony,2,https://cdn.shopify.com/s/files/1/0902/1489/1816/files/Glycerin-Max-Noir-Brooks-245751589.webp?v=1766703118
brooks-glycerin-max-aurora-black-ebony,3,https://cdn.shopify.com/s/files/1/0902/1489/1816/files/Glycerin-Max-Noir-Brooks-245751790.webp?v=1766703125
brooks-glycerin-max-aurora-black-ebony,4,https://cdn.shopify.com/s/files/1/0902/1489/1816/files/Glycerin-Max-Noir-Brooks-245751685.webp?v=1766703121
brooks-glycerin-max-aurora-black-ebony,5,https://cdn.shopify.com/s/files/1/0902/1489/1816/files/Glycerin-Max-Noir-Brooks-245751388.webp?v=1766703113
brooks-glycerin-max-aurora-black-ebony,6,https://cdn.shopify.com/s/files/1/0902/1489/1816/files/Glycerin-Max-Noir-Brooks-245751851.webp?v=1766703128
brooks-glycerin-max-aurora-black-ebony,7,https://cdn.shopify.com/s/files/1/0902/1489/1816/files/Glycerin-Max-Noir-Brooks-245751492.webp?v=1766703115
brooks-glycerin-max-lime-navy-peony,1,https://cdn.shopify.com/s/files/1/0902/1489/1816/files/Glycerin-Max-Vert-Brooks-245750629.jpg?v=1766703086
brooks-glycerin-max-lime-navy-peony,2,https://cdn.shopify.com/s/files/1/0902/1489/1816/files/Glycerin-Max-Vert-Brooks-245750952.webp?v=1766703102
brooks-glycerin-max-lime-navy-peony,3,https://cdn.shopify.com/s/files/1/0902/1489/1816/files/Glycerin-Max-Vert-Brooks-245750788.webp?v=1766703097
brooks-glycerin-max-lime-navy-peony,4,https://cdn.shopify.com/s/files/1/0902/1489/1816/files/Glycerin-Max-Vert-Brooks-245751049.webp?v=1766703106
brooks-glycerin-max-lime-navy-peony,5,https://cdn.shopify.com/s/files/1/0902/1489/1816/files/Glycerin-Max-Vert-Brooks-245750843.webp?v=1766703100
brooks-glycerin-max-lime-navy-peony,6,https://cdn.shopify.com/s/files/1/0902/1489/1816/files/Glycerin-Max-Vert-Brooks-245751125.webp?v=1766703109
brooks-glycerin-max-country-blue-sky-orange,1,https://cdn.shopify.com/s/files/1/0902/1489/1816/files/Glycerin-Max-Orange-Brooks-245749750.jpg?v=1766703066
brooks-glycerin-max-country-blue-sky-orange,2,https://cdn.shopify.com/s/files/1/0902/1489/1816/files/Glycerin-Max-Orange-Brooks-245750296.webp?v=1766703073
brooks-glycerin-max-country-blue-sky-orange,3,https://cdn.shopify.com/s/files/1/0902/1489/1816/files/Glycerin-Max-Orange-Brooks-245750457.webp?v=1766703078
brooks-glycerin-max-country-blue-sky-orange,4,https://cdn.shopify.com/s/files/1/0902/1489/1816/files/Glycerin-Max-Orange-Brooks-245750082.webp?v=1766703070
brooks-glycerin-max-country-blue-sky-orange,5,https://cdn.shopify.com/s/files/1/0902/1489/1816/files/Glycerin-Max-Orange-Brooks-245749823.webp?v=1766703066
brooks-glycerin-max-country-blue-sky-orange,6,https://cdn.shopify.com/s/files/1/0902/1489/1816/files/Glycerin-Max-Orange-Brooks-245750567.webp?v=1766703083
brooks-glycerin-max-country-blue-sky-orange,7,https://cdn.shopify.com/s/files/1/0902/1489/1816/files/Glycerin-Max-Orange-Brooks-245750356.webp?v=1766703075
brooks-glycerin-max-grey-black-nightlife,1,https://cdn.shopify.com/s/files/1/0902/1489/1816/files/Glycerin-Max-Blanche-Brooks-245709492.jpg?v=1766702093
brooks-glycerin-max-grey-black-nightlife,2,https://cdn.shopify.com/s/files/1/0902/1489/1816/files/Glycerin-Max-Blanche-Brooks-245709627.webp?v=1766702093
brooks-glycerin-max-grey-black-nightlife,3,https://cdn.shopify.com/s/files/1/0902/1489/1816/files/Glycerin-Max-Blanche-Brooks-245709570.webp?v=1766702095
brooks-glycerin-max-grey-black-nightlife,4,https://cdn.shopify.com/s/files/1/0902/1489/1816/files/Glycerin-Max-Blanche-Brooks-245709737.jpg?v=1766702097
brooks-glycerin-max-grey-black-nightlife,5,https://cdn.shopify.com/s/files/1/0902/1489/1816/files/Glycerin-Max-Blanche-Brooks-245709888.jpg?v=1766702102
brooks-glycerin-max-2-yucca-nightlife-white,1,https://cdn.shopify.com/s/files/1/0902/1489/1816/files/Brooks-Glycerin-Max-2-Yucca-Nightlife-White-Brooks-253964973.png?v=1776168022
brooks-glycerin-max-2-yucca-nightlife-white,2,https://cdn.shopify.com/s/files/1/0902/1489/1816/files/Brooks-Glycerin-Max-2-Yucca-Nightlife-White-Brooks-253965080.png?v=1776168018
brooks-glycerin-max-2-yucca-nightlife-white,3,https://cdn.shopify.com/s/files/1/0902/1489/1816/files/Brooks-Glycerin-Max-2-Yucca-Nightlife-White-Brooks-253965137.png?v=1776168021
brooks-glycerin-max-2-yucca-nightlife-white,4,https://cdn.shopify.com/s/files/1/0902/1489/1816/files/Brooks-Glycerin-Max-2-Yucca-Nightlife-White-Brooks-253965229.png?v=1776168022
brooks-glycerin-max-2-yucca-nightlife-white,5,https://cdn.shopify.com/s/files/1/0902/1489/1816/files/Brooks-Glycerin-Max-2-Yucca-Nightlife-White-Brooks-253965372.png?v=1776168021
brooks-glycerin-max-2-yucca-nightlife-white,6,https://cdn.shopify.com/s/files/1/0902/1489/1816/files/Brooks-Glycerin-Max-2-Yucca-Nightlife-White-Brooks-253965473.png?v=1776168022
brooks-glycerin-max-2-yucca-nightlife-white,7,https://cdn.shopify.com/s/files/1/0902/1489/1816/files/Brooks-Glycerin-Max-2-Yucca-Nightlife-White-Brooks-253965568.png?v=1776168025
brooks-glycerin-max-2-spellbound,1,https://cdn.shopify.com/s/files/1/0902/1489/1816/files/Brooks-Glycerin-Max-2-Spellbound-Brooks-253963537.png?v=1776166803
brooks-glycerin-max-2-spellbound,2,https://cdn.shopify.com/s/files/1/0902/1489/1816/files/Brooks-Glycerin-Max-2-Spellbound-Brooks-256522269.jpg?v=1784039800
brooks-glycerin-max-2-spellbound,3,https://cdn.shopify.com/s/files/1/0902/1489/1816/files/Brooks-Glycerin-Max-2-Spellbound-Brooks-256522323.jpg?v=1784039803
brooks-glycerin-max-2-spellbound,4,https://cdn.shopify.com/s/files/1/0902/1489/1816/files/Brooks-Glycerin-Max-2-Spellbound-Brooks-256522464.jpg?v=1784039802
brooks-glycerin-max-2-spellbound,5,https://cdn.shopify.com/s/files/1/0902/1489/1816/files/Brooks-Glycerin-Max-2-Spellbound-Brooks-256522521.jpg?v=1784039803
brooks-glycerin-max-2-spellbound,6,https://cdn.shopify.com/s/files/1/0902/1489/1816/files/Brooks-Glycerin-Max-2-Spellbound-Brooks-256522666.jpg?v=1784039805
brooks-glycerin-max-2-spellbound,7,https://cdn.shopify.com/s/files/1/0902/1489/1816/files/Brooks-Glycerin-Max-2-Spellbound-Brooks-256522760.jpg?v=1784039807
brooks-hyperion-elite-5-pink-clay,1,https://cdn.shopify.com/s/files/1/0902/1489/1816/files/Brooks-Hyperion-Elite-5-Pink-Clay-Brooks-253960236.png?v=1776615230
brooks-hyperion-elite-5-pink-clay,2,https://cdn.shopify.com/s/files/1/0902/1489/1816/files/Brooks-Hyperion-Elite-5-Pink-Clay-Brooks-253960329.png?v=1776163046
brooks-hyperion-elite-5-pink-clay,3,https://cdn.shopify.com/s/files/1/0902/1489/1816/files/Brooks-Hyperion-Elite-5-Pink-Clay-Brooks-253960481.png?v=1776163046
brooks-hyperion-elite-5-pink-clay,4,https://cdn.shopify.com/s/files/1/0902/1489/1816/files/Brooks-Hyperion-Elite-5-Pink-Clay-Brooks-253960599.png?v=1776163047
brooks-hyperion-elite-5-pink-clay,5,https://cdn.shopify.com/s/files/1/0902/1489/1816/files/Brooks-Hyperion-Elite-5-Pink-Clay-Brooks-253960688.png?v=1776163048
brooks-hyperion-elite-5-pink-clay,6,https://cdn.shopify.com/s/files/1/0902/1489/1816/files/Brooks-Hyperion-Elite-5-Pink-Clay-Brooks-253960765.png?v=1776163048
nike-pegasus-premium-anthracite,1,https://cdn.shopify.com/s/files/1/0902/1489/1816/files/Pegasus-Premium-Anthracite-Nike-254548716.jpg?v=1776646963
nike-pegasus-premium-anthracite,2,https://cdn.shopify.com/s/files/1/0902/1489/1816/files/Nike-Pegasus-Premium-Anthracite-Nike-251711844.png?v=1779207574
nike-pegasus-premium-anthracite,3,https://cdn.shopify.com/s/files/1/0902/1489/1816/files/Nike-Pegasus-Premium-Anthracite-Nike-251711972.png?v=1779207574
nike-pegasus-premium-anthracite,4,https://cdn.shopify.com/s/files/1/0902/1489/1816/files/Nike-Pegasus-Premium-Anthracite-Nike-251712017.png?v=1779207581
nike-pegasus-premium-anthracite,5,https://cdn.shopify.com/s/files/1/0902/1489/1816/files/Nike-Pegasus-Premium-Anthracite-Nike-251712141.png?v=1779207582
nike-pegasus-premium-anthracite,6,https://cdn.shopify.com/s/files/1/0902/1489/1816/files/Nike-Pegasus-Premium-Anthracite-Nike-251712231.png?v=1779207583
nike-pegasus-premium-anthracite,7,https://cdn.shopify.com/s/files/1/0902/1489/1816/files/Nike-Pegasus-Premium-Anthracite-Nike-251712332.png?v=1779207587
nike-pegasus-premium-faith-kipyegon,1,https://cdn.shopify.com/s/files/1/0902/1489/1816/files/Nike-Pegasus-Premium-Faith-Kipyegon-Nike-254548539.jpg?v=1779206718
nike-pegasus-premium-faith-kipyegon,2,https://cdn.shopify.com/s/files/1/0902/1489/1816/files/Nike-Pegasus-Premium-Faith-Kipyegon-Nike-251711192.png?v=1779207555
nike-pegasus-premium-faith-kipyegon,3,https://cdn.shopify.com/s/files/1/0902/1489/1816/files/Nike-Pegasus-Premium-Faith-Kipyegon-Nike-251711240.png?v=1779207557
nike-pegasus-premium-faith-kipyegon,4,https://cdn.shopify.com/s/files/1/0902/1489/1816/files/Nike-Pegasus-Premium-Faith-Kipyegon-Nike-251711342.png?v=1779207561
nike-pegasus-premium-faith-kipyegon,5,https://cdn.shopify.com/s/files/1/0902/1489/1816/files/Nike-Pegasus-Premium-Faith-Kipyegon-Nike-251711482.png?v=1779207562
nike-pegasus-premium-faith-kipyegon,6,https://cdn.shopify.com/s/files/1/0902/1489/1816/files/Nike-Pegasus-Premium-Faith-Kipyegon-Nike-251711527.png?v=1779207567
nike-pegasus-premium-faith-kipyegon,7,https://cdn.shopify.com/s/files/1/0902/1489/1816/files/Nike-Pegasus-Premium-Faith-Kipyegon-Nike-251711677.png?v=1779207567
nike-pegasus-premium-white-mint-foam,1,https://cdn.shopify.com/s/files/1/0902/1489/1816/files/Pegasus-Premium-White-Mint-Foam-Nike-254556999.jpg?v=1776685242
nike-pegasus-premium-white-mint-foam,2,https://cdn.shopify.com/s/files/1/0902/1489/1816/files/Nike-Pegasus-Premium-White-Mint-Foam-Nike-251710425.png?v=1779207538
nike-pegasus-premium-white-mint-foam,3,https://cdn.shopify.com/s/files/1/0902/1489/1816/files/Nike-Pegasus-Premium-White-Mint-Foam-Nike-251710519.png?v=1779207541
nike-pegasus-premium-white-mint-foam,4,https://cdn.shopify.com/s/files/1/0902/1489/1816/files/Nike-Pegasus-Premium-White-Mint-Foam-Nike-251710661.png?v=1779207544
nike-pegasus-premium-white-mint-foam,5,https://cdn.shopify.com/s/files/1/0902/1489/1816/files/Nike-Pegasus-Premium-White-Mint-Foam-Nike-251710789.png?v=1779207546
nike-pegasus-premium-white-mint-foam,6,https://cdn.shopify.com/s/files/1/0902/1489/1816/files/Nike-Pegasus-Premium-White-Mint-Foam-Nike-251710810.png?v=1779207549
nike-pegasus-premium-white-mint-foam,7,https://cdn.shopify.com/s/files/1/0902/1489/1816/files/Nike-Pegasus-Premium-White-Mint-Foam-Nike-251710935.png?v=1779207552
nike-pegasus-premium-volt-black,1,https://cdn.shopify.com/s/files/1/0902/1489/1816/files/Nike-Pegasus-Premium-Volt-Black-Nike-254548426.jpg?v=1779206704
nike-pegasus-premium-volt-black,2,https://cdn.shopify.com/s/files/1/0902/1489/1816/files/Nike-Pegasus-Premium-Volt-Black-Nike-251707171.png?v=1779207494
nike-pegasus-premium-volt-black,3,https://cdn.shopify.com/s/files/1/0902/1489/1816/files/Nike-Pegasus-Premium-Volt-Black-Nike-251707272.png?v=1779207496
nike-pegasus-premium-volt-black,4,https://cdn.shopify.com/s/files/1/0902/1489/1816/files/Nike-Pegasus-Premium-Volt-Black-Nike-251707393.png?v=1779207498
nike-pegasus-premium-volt-black,5,https://cdn.shopify.com/s/files/1/0902/1489/1816/files/Nike-Pegasus-Premium-Volt-Black-Nike-251707472.png?v=1779207502
nike-pegasus-premium-volt-black,6,https://cdn.shopify.com/s/files/1/0902/1489/1816/files/Nike-Pegasus-Premium-Volt-Black-Nike-251707521.png?v=1779207502
nike-pegasus-premium-se-cave-purple,1,https://cdn.shopify.com/s/files/1/0902/1489/1816/files/Pegasus-Premium-SE-Cave-Purple-Nike-254557383.jpg?v=1779206702
nike-pegasus-premium-se-cave-purple,2,https://cdn.shopify.com/s/files/1/0902/1489/1816/files/Pegasus-Premium-SE-Cave-Purple-Nike-251706448.png?v=1779207480
nike-pegasus-premium-se-cave-purple,3,https://cdn.shopify.com/s/files/1/0902/1489/1816/files/Pegasus-Premium-SE-Cave-Purple-Nike-251706548.png?v=1779207483
nike-pegasus-premium-se-cave-purple,4,https://cdn.shopify.com/s/files/1/0902/1489/1816/files/Pegasus-Premium-SE-Cave-Purple-Nike-251706681.png?v=1779207485
nike-pegasus-premium-se-cave-purple,5,https://cdn.shopify.com/s/files/1/0902/1489/1816/files/Pegasus-Premium-SE-Cave-Purple-Nike-251706764.png?v=1779207490
nike-pegasus-premium-se-cave-purple,6,https://cdn.shopify.com/s/files/1/0902/1489/1816/files/Pegasus-Premium-SE-Cave-Purple-Nike-251706891.png?v=1779207492
nike-pegasus-premium-sp-black-white-silver,1,https://cdn.shopify.com/s/files/1/0902/1489/1816/files/Pegasus-Premium-SP-Black-and-White-Metallic-Silver-Nike-254557187.jpg?v=1776685450
nike-pegasus-premium-sp-black-white-silver,2,https://cdn.shopify.com/s/files/1/0902/1489/1816/files/Nike-Pegasus-Premium-SP-Black-White-Silver-Nike-251705864.png?v=1779207462
nike-pegasus-premium-sp-black-white-silver,3,https://cdn.shopify.com/s/files/1/0902/1489/1816/files/Nike-Pegasus-Premium-SP-Black-White-Silver-Nike-251705973.png?v=1779207463
nike-pegasus-premium-sp-black-white-silver,4,https://cdn.shopify.com/s/files/1/0902/1489/1816/files/Nike-Pegasus-Premium-SP-Black-White-Silver-Nike-251706045.png?v=1779207468
nike-pegasus-premium-sp-black-white-silver,5,https://cdn.shopify.com/s/files/1/0902/1489/1816/files/Nike-Pegasus-Premium-SP-Black-White-Silver-Nike-251706114.png?v=1779207471
nike-pegasus-premium-sp-black-white-silver,6,https://cdn.shopify.com/s/files/1/0902/1489/1816/files/Nike-Pegasus-Premium-SP-Black-White-Silver-Nike-251706286.png?v=1779207474
nike-pegasus-premium-particle-pink-rose-gold,1,https://cdn.shopify.com/s/files/1/0902/1489/1816/files/Pegasus-Premium-Particle-Pink-Rose-Gold-Nike-254557425.jpg?v=1776685923
nike-pegasus-premium-particle-pink-rose-gold,2,https://cdn.shopify.com/s/files/1/0902/1489/1816/files/Nike-Pegasus-Premium-Particle-Pink-Rose-Gold-Nike-251705120.png?v=1779207444
nike-pegasus-premium-particle-pink-rose-gold,3,https://cdn.shopify.com/s/files/1/0902/1489/1816/files/Nike-Pegasus-Premium-Particle-Pink-Rose-Gold-Nike-251705251.png?v=1779207447
nike-pegasus-premium-particle-pink-rose-gold,4,https://cdn.shopify.com/s/files/1/0902/1489/1816/files/Nike-Pegasus-Premium-Particle-Pink-Rose-Gold-Nike-251705453.png?v=1779207451
nike-pegasus-premium-particle-pink-rose-gold,5,https://cdn.shopify.com/s/files/1/0902/1489/1816/files/Nike-Pegasus-Premium-Particle-Pink-Rose-Gold-Nike-251705327.png?v=1779207450
nike-pegasus-premium-particle-pink-rose-gold,6,https://cdn.shopify.com/s/files/1/0902/1489/1816/files/Nike-Pegasus-Premium-Particle-Pink-Rose-Gold-Nike-251705577.png?v=1779207456
nike-pegasus-premium-particle-pink-rose-gold,7,https://cdn.shopify.com/s/files/1/0902/1489/1816/files/Nike-Pegasus-Premium-Particle-Pink-Rose-Gold-Nike-251705647.png?v=1779207457
nike-pegasus-premium-sp-mushroom,1,https://cdn.shopify.com/s/files/1/0902/1489/1816/files/Pegasus-Premium-Mushroom-Nike-254548836.jpg?v=1776647188
nike-pegasus-premium-sp-mushroom,2,https://cdn.shopify.com/s/files/1/0902/1489/1816/files/Nike-Pegasus-Premium-SP-Mushroom-Nike-251704033.png?v=1779207433
nike-pegasus-premium-sp-mushroom,3,https://cdn.shopify.com/s/files/1/0902/1489/1816/files/Nike-Pegasus-Premium-SP-Mushroom-Nike-251704221.png?v=1779207441
nike-pegasus-premium-sp-mushroom,4,https://cdn.shopify.com/s/files/1/0902/1489/1816/files/Nike-Pegasus-Premium-SP-Mushroom-Nike-251704143.png?v=1779207435
nike-pegasus-premium-sp-mushroom,5,https://cdn.shopify.com/s/files/1/0902/1489/1816/files/Nike-Pegasus-Premium-SP-Mushroom-Nike-251704373.png?v=1779207444
nike-pegasus-premium-white-metallic-silver,1,https://cdn.shopify.com/s/files/1/0902/1489/1816/files/Pegasus-Premium-White-Metallic-Silver-Nike-254557066.jpg?v=1776685265
nike-pegasus-premium-white-metallic-silver,2,https://cdn.shopify.com/s/files/1/0902/1489/1816/files/Nike-Pegasus-Premium-White-Metallic-Silver-Nike-251667830.png?v=1779207397
nike-pegasus-premium-white-metallic-silver,3,https://cdn.shopify.com/s/files/1/0902/1489/1816/files/Nike-Pegasus-Premium-White-Metallic-Silver-Nike-251667997.png?v=1779207400
nike-pegasus-premium-white-metallic-silver,4,https://cdn.shopify.com/s/files/1/0902/1489/1816/files/Nike-Pegasus-Premium-White-Metallic-Silver-Nike-251668028.png?v=1779207401
nike-pegasus-premium-white-metallic-silver,5,https://cdn.shopify.com/s/files/1/0902/1489/1816/files/Nike-Pegasus-Premium-White-Metallic-Silver-Nike-251668113.png?v=1779207406
nike-pegasus-premium-white-metallic-silver,6,https://cdn.shopify.com/s/files/1/0902/1489/1816/files/Nike-Pegasus-Premium-White-Metallic-Silver-Nike-251668266.png?v=1779207411
nike-pegasus-premium-run,1,https://cdn.shopify.com/s/files/1/0902/1489/1816/files/Nike-Pegasus-Premium-Run-Nike-254548694.jpg?v=1779206704
nike-pegasus-premium-run,2,https://cdn.shopify.com/s/files/1/0902/1489/1816/files/Nike-Pegasus-Premium-Run-Nike-251709121.png?v=1779207507
nike-pegasus-premium-run,3,https://cdn.shopify.com/s/files/1/0902/1489/1816/files/Nike-Pegasus-Premium-Run-Nike-251709218.png?v=1779207508
nike-pegasus-premium-run,4,https://cdn.shopify.com/s/files/1/0902/1489/1816/files/Nike-Pegasus-Premium-Run-Nike-251709357.png?v=1779207513
nike-pegasus-premium-run,5,https://cdn.shopify.com/s/files/1/0902/1489/1816/files/Nike-Pegasus-Premium-Run-Nike-251709484.png?v=1779207515
nike-pegasus-premium-run,6,https://cdn.shopify.com/s/files/1/0902/1489/1816/files/Nike-Pegasus-Premium-Run-Nike-251709572.png?v=1779207516
fragment-design-x-nike-mind-001,1,https://cdn.shopify.com/s/files/1/0902/1489/1816/files/Fragment-Design-x-Nike-Mind-001-Nike-253938956.png?v=1776615188
fragment-design-x-nike-mind-001,2,https://cdn.shopify.com/s/files/1/0902/1489/1816/files/Fragment-Design-x-Nike-Mind-001-Nike-253939128.png?v=1776615181
fragment-design-x-nike-mind-001,3,https://cdn.shopify.com/s/files/1/0902/1489/1816/files/Fragment-Design-x-Nike-Mind-001-Nike-253939222.png?v=1776615184
fragment-design-x-nike-mind-001,4,https://cdn.shopify.com/s/files/1/0902/1489/1816/files/Fragment-Design-x-Nike-Mind-001-Nike-253939373.png?v=1776615187
fragment-design-x-nike-mind-001,5,https://cdn.shopify.com/s/files/1/0902/1489/1816/files/Fragment-Design-x-Nike-Mind-001-Nike-253939447.png?v=1776615189
fragment-design-x-nike-mind-001,6,https://cdn.shopify.com/s/files/1/0902/1489/1816/files/Fragment-Design-x-Nike-Mind-001-Nike-253939533.png?v=1776615191
fragment-design-x-nike-mind-001,7,https://cdn.shopify.com/s/files/1/0902/1489/1816/files/Fragment-Design-x-Nike-Mind-001-Nike-253939688.png?v=1776615194
adidas-hyperboost-edge-white-pure-ruby-zero-metalic,1,https://cdn.shopify.com/s/files/1/0902/1489/1816/files/Hyper-Boost-Edge-White-Pure-Ruby-Zero-Metalic-Adidas-253937593.png?v=1776615174
adidas-hyperboost-edge-white-pure-ruby-zero-metalic,2,https://cdn.shopify.com/s/files/1/0902/1489/1816/files/Hyper-Boost-Edge-White-Pure-Ruby-Zero-Metalic-Adidas-253937676.png?v=1776615176
adidas-hyperboost-edge-white-pure-ruby-zero-metalic,3,https://cdn.shopify.com/s/files/1/0902/1489/1816/files/Hyper-Boost-Edge-White-Pure-Ruby-Zero-Metalic-Adidas-253937738.png?v=1776615166
adidas-hyperboost-edge-white-pure-ruby-zero-metalic,4,https://cdn.shopify.com/s/files/1/0902/1489/1816/files/Hyper-Boost-Edge-White-Pure-Ruby-Zero-Metalic-Adidas-253937872.png?v=1776615167
adidas-hyperboost-edge-white-pure-ruby-zero-metalic,5,https://cdn.shopify.com/s/files/1/0902/1489/1816/files/Hyper-Boost-Edge-White-Pure-Ruby-Zero-Metalic-Adidas-253937911.png?v=1776615173
adidas-hyperboost-edge-white-pure-ruby-zero-metalic,6,https://cdn.shopify.com/s/files/1/0902/1489/1816/files/Hyper-Boost-Edge-White-Pure-Ruby-Zero-Metalic-Adidas-253938041.png?v=1776615176
adidas-hyperboost-edge-white-pure-ruby-zero-metalic,7,https://cdn.shopify.com/s/files/1/0902/1489/1816/files/Hyper-Boost-Edge-White-Pure-Ruby-Zero-Metalic-Adidas-253938127.png?v=1776615176
adidas-hyperboost-edge-white-pure-ruby-zero-metalic,8,https://cdn.shopify.com/s/files/1/0902/1489/1816/files/Hyper-Boost-Edge-White-Pure-Ruby-Zero-Metalic-Adidas-253938234.png?v=1776615177
salomon-xt-6-black-phantom,1,https://cdn.shopify.com/s/files/1/0902/1489/1816/files/XT-6-Triple-Black-Salomon-245718389.jpg?v=1766702235
salomon-xt-6-black-phantom,2,https://cdn.shopify.com/s/files/1/0902/1489/1816/files/XT-6-Triple-Black-Salomon-256593437.jpg?v=1784639396
salomon-xt-6-black-phantom,3,https://cdn.shopify.com/s/files/1/0902/1489/1816/files/XT-6-Triple-Black-Salomon-256593866.jpg?v=1784639403
salomon-xt-6-black-phantom,4,https://cdn.shopify.com/s/files/1/0902/1489/1816/files/XT-6-Triple-Black-Salomon-256593656.jpg?v=1784639400
salomon-xt-6-black-phantom,5,https://cdn.shopify.com/s/files/1/0902/1489/1816/files/XT-6-Triple-Black-Salomon-256593765.jpg?v=1784639401
salomon-xt-6-black-phantom,6,https://cdn.shopify.com/s/files/1/0902/1489/1816/files/XT-6-Triple-Black-Salomon-256593532.jpg?v=1784639397
salomon-xt-6-black-phantom,7,https://cdn.shopify.com/s/files/1/0902/1489/1816/files/XT-6-Triple-Black-Salomon-256593918.jpg?v=1784639404
salomon-xt-6-black-phantom,8,https://cdn.shopify.com/s/files/1/0902/1489/1816/files/XT-6-Triple-Black-Salomon-256594088.jpg?v=1784639405
salomon-xt-6-black-phantom,9,https://cdn.shopify.com/s/files/1/0902/1489/1816/files/XT-6-Triple-Black-Salomon-256594115.jpg?v=1784639407
s-lab-ultra-glide-rouge,1,https://cdn.shopify.com/s/files/1/0902/1489/1816/files/S-LAB-ULTRA-GLIDE-Rouge-Salomon-245709258.jpg?v=1766702083
s-lab-ultra-glide-rouge,2,https://cdn.shopify.com/s/files/1/0902/1489/1816/files/S-LAB-ULTRA-GLIDE-Rouge-Salomon-245709329.jpg?v=1766702088
nike-pegasus-premium-summit-white-bright-crimson,1,https://cdn.shopify.com/s/files/1/0902/1489/1816/files/Nike-Pegasus-Premium-Summit-White-Bright-Crimson-Nike-251769545.png?v=1774747068
nike-pegasus-premium-summit-white-bright-crimson,2,https://cdn.shopify.com/s/files/1/0902/1489/1816/files/Pegasus-Premium-Summit-White-Bright-Crimson-Nike-251707792.png?v=1776615010
nike-pegasus-premium-summit-white-bright-crimson,3,https://cdn.shopify.com/s/files/1/0902/1489/1816/files/Pegasus-Premium-Summit-White-Bright-Crimson-Nike-251707811.png?v=1776615012
nike-pegasus-premium-summit-white-bright-crimson,4,https://cdn.shopify.com/s/files/1/0902/1489/1816/files/Pegasus-Premium-Summit-White-Bright-Crimson-Nike-251707999.png?v=1776615014
nike-pegasus-premium-summit-white-bright-crimson,5,https://cdn.shopify.com/s/files/1/0902/1489/1816/files/Pegasus-Premium-Summit-White-Bright-Crimson-Nike-251708050.png?v=1776615018
nike-pegasus-premium-summit-white-bright-crimson,6,https://cdn.shopify.com/s/files/1/0902/1489/1816/files/Pegasus-Premium-Summit-White-Bright-Crimson-Nike-251708155.png?v=1776615021
nike-pegasus-premium-summit-white-bright-crimson,7,https://cdn.shopify.com/s/files/1/0902/1489/1816/files/Pegasus-Premium-Summit-White-Bright-Crimson-Nike-251708268.png?v=1776615023
nike-pegasus-premium-black-bright-crimson,1,https://cdn.shopify.com/s/files/1/0902/1489/1816/files/Pegasus-Premium-Black-Bright-Crimson-Nike-254557273.jpg?v=1776685581
nike-pegasus-premium-black-bright-crimson,2,https://cdn.shopify.com/s/files/1/0902/1489/1816/files/Nike-Pegasus-Premium-Black-Bright-Crimson-Nike-251665010.png?v=1779207384
nike-pegasus-premium-black-bright-crimson,3,https://cdn.shopify.com/s/files/1/0902/1489/1816/files/Nike-Pegasus-Premium-Black-Bright-Crimson-Nike-251665181.png?v=1779207384
nike-pegasus-premium-black-bright-crimson,4,https://cdn.shopify.com/s/files/1/0902/1489/1816/files/Nike-Pegasus-Premium-Black-Bright-Crimson-Nike-251665210.png?v=1779207390
nike-pegasus-premium-black-bright-crimson,5,https://cdn.shopify.com/s/files/1/0902/1489/1816/files/Nike-Pegasus-Premium-Black-Bright-Crimson-Nike-251665350.png?v=1779207391
nike-pegasus-premium-persian-violet,1,https://cdn.shopify.com/s/files/1/0902/1489/1816/files/Pegasus-Premium-Persian-Violet-Nike-254548916.jpg?v=1776647350
nike-pegasus-premium-persian-violet,2,https://cdn.shopify.com/s/files/1/0902/1489/1816/files/Nike-Pegasus-Premium-Persian-Violet-Nike-251754844.png?v=1779207527
nike-pegasus-premium-persian-violet,3,https://cdn.shopify.com/s/files/1/0902/1489/1816/files/Nike-Pegasus-Premium-Persian-Violet-Nike-251755025.png?v=1779207534
nike-pegasus-premium-persian-violet,4,https://cdn.shopify.com/s/files/1/0902/1489/1816/files/Nike-Pegasus-Premium-Persian-Violet-Nike-251754983.png?v=1779207527
nike-pegasus-premium-persian-violet,5,https://cdn.shopify.com/s/files/1/0902/1489/1816/files/Nike-Pegasus-Premium-Persian-Violet-Nike-251755170.png?v=1779207535
nike-pegasus-premium-persian-violet,6,https://cdn.shopify.com/s/files/1/0902/1489/1816/files/Nike-Pegasus-Premium-Persian-Violet-Nike-251755262.png?v=1779207538
nike-pegasus-premium-airscape-football-grey-orange,1,https://cdn.shopify.com/s/files/1/0902/1489/1816/files/Pegasus-Premium-Gris-orange-Nike-245734560.jpg?v=1774642783
nike-pegasus-premium-airscape-football-grey-orange,2,https://cdn.shopify.com/s/files/1/0902/1489/1816/files/Pegasus-Premium-Airscape-Nike-251704582.png?v=1776614920
nike-pegasus-premium-airscape-football-grey-orange,3,https://cdn.shopify.com/s/files/1/0902/1489/1816/files/Pegasus-Premium-Airscape-Nike-251704788.png?v=1776614928
nike-pegasus-premium-airscape-football-grey-orange,4,https://cdn.shopify.com/s/files/1/0902/1489/1816/files/Pegasus-Premium-Airscape-Nike-251704680.png?v=1776614924
nike-pegasus-premium-airscape-football-grey-orange,5,https://cdn.shopify.com/s/files/1/0902/1489/1816/files/Pegasus-Premium-Airscape-Nike-251704849.png?v=1776614930
nike-pegasus-premium-airscape-football-grey-orange,6,https://cdn.shopify.com/s/files/1/0902/1489/1816/files/Pegasus-Premium-Airscape-Nike-251704935.png?v=1776614934
nike-pegasus-premium-forrest-gump,1,https://cdn.shopify.com/s/files/1/0902/1489/1816/files/Pegasus-Premium-Premium-Forrest-Gump-Nike-251753469.png?v=1774636005
nike-pegasus-premium-forrest-gump,2,https://cdn.shopify.com/s/files/1/0902/1489/1816/files/Pegasus-Premium-Forrest-Gump-Nike-251713233.png?v=1776615110
nike-pegasus-premium-forrest-gump,3,https://cdn.shopify.com/s/files/1/0902/1489/1816/files/Pegasus-Premium-Forrest-Gump-Nike-251713326.png?v=1776615114
nike-pegasus-premium-forrest-gump,4,https://cdn.shopify.com/s/files/1/0902/1489/1816/files/Pegasus-Premium-Forrest-Gump-Nike-251713446.png?v=1776615116
nike-pegasus-premium-forrest-gump,5,https://cdn.shopify.com/s/files/1/0902/1489/1816/files/Pegasus-Premium-Forrest-Gump-Nike-251713582.png?v=1776615119
nike-pegasus-premium-forrest-gump,6,https://cdn.shopify.com/s/files/1/0902/1489/1816/files/Pegasus-Premium-Forrest-Gump-Nike-251713625.png?v=1776615120
nike-pegasus-premium-forrest-gump,7,https://cdn.shopify.com/s/files/1/0902/1489/1816/files/Pegasus-Premium-Forrest-Gump-Nike-251713782.png?v=1776615123
adidas-adizero-prime-x3-strung-lucid-lemon,1,https://cdn.shopify.com/s/files/1/0902/1489/1816/files/Adizero-Prime-X3-Strung-Lucid-Lemon-Adidas-251611689.png?v=1776614898
adidas-adizero-prime-x3-strung-lucid-lemon,2,https://cdn.shopify.com/s/files/1/0902/1489/1816/files/Adizero-Prime-X3-Strung-Lucid-Lemon-Adidas-251611712.avif?v=1776614486
adidas-adizero-prime-x3-strung-lucid-lemon,3,https://cdn.shopify.com/s/files/1/0902/1489/1816/files/Adizero-Prime-X3-Strung-Lucid-Lemon-Adidas-251611849.webp?v=1776615323
adidas-adizero-prime-x3-strung-lucid-lemon,4,https://cdn.shopify.com/s/files/1/0902/1489/1816/files/Adizero-Prime-X3-Strung-Lucid-Lemon-Adidas-251611923.avif?v=1776614488
adidas-adizero-prime-x3-strung-lucid-lemon,5,https://cdn.shopify.com/s/files/1/0902/1489/1816/files/Adizero-Prime-X3-Strung-Lucid-Lemon-Adidas-251612032.avif?v=1776614494
adidas-adizero-prime-x3-strung-lucid-lemon,6,https://cdn.shopify.com/s/files/1/0902/1489/1816/files/Adizero-Prime-X3-Strung-Lucid-Lemon-Adidas-251612192.webp?v=1776615328
adidas-adizero-prime-x3-strung-lucid-lemon,7,https://cdn.shopify.com/s/files/1/0902/1489/1816/files/Adizero-Prime-X3-Strung-Lucid-Lemon-Adidas-251612229.avif?v=1776614496
adidas-adizero-prime-x3-strung-black-grey-green,1,https://cdn.shopify.com/s/files/1/0902/1489/1816/files/Adizero-Prime-X3-Strung-Black-Grey-Green-Adidas-251610044.png?v=1776614881
adidas-adizero-prime-x3-strung-black-grey-green,2,https://cdn.shopify.com/s/files/1/0902/1489/1816/files/Adizero-Prime-X3-Strung-Black-Grey-Green-Adidas-251610171.png?v=1776614857
adidas-adizero-prime-x3-strung-black-grey-green,3,https://cdn.shopify.com/s/files/1/0902/1489/1816/files/Adizero-Prime-X3-Strung-Black-Grey-Green-Adidas-251610224.png?v=1776614863
adidas-adizero-prime-x3-strung-black-grey-green,4,https://cdn.shopify.com/s/files/1/0902/1489/1816/files/Adizero-Prime-X3-Strung-Black-Grey-Green-Adidas-251610327.png?v=1776614865
adidas-adizero-prime-x3-strung-black-grey-green,5,https://cdn.shopify.com/s/files/1/0902/1489/1816/files/Adizero-Prime-X3-Strung-Black-Grey-Green-Adidas-251610435.png?v=1776614867
adidas-adizero-prime-x3-strung-black-grey-green,6,https://cdn.shopify.com/s/files/1/0902/1489/1816/files/Adizero-Prime-X3-Strung-Black-Grey-Green-Adidas-251610525.png?v=1776614870
adidas-adizero-prime-x3-strung-black-grey-green,7,https://cdn.shopify.com/s/files/1/0902/1489/1816/files/Adizero-Prime-X3-Strung-Black-Grey-Green-Adidas-251610628.png?v=1776614874
adidas-adizero-prime-x3-strung-black-grey-green,8,https://cdn.shopify.com/s/files/1/0902/1489/1816/files/Adizero-Prime-X3-Strung-Black-Grey-Green-Adidas-251610746.png?v=1776614876
adidas-adizero-prime-x3-strung-orange-white-wheat-blue,1,https://cdn.shopify.com/s/files/1/0902/1489/1816/files/Adizero-Prime-X3-Strung-Orange-White-Wheat-Blue-Adidas-251608283.png?v=1776614851
adidas-adizero-prime-x3-strung-orange-white-wheat-blue,2,https://cdn.shopify.com/s/files/1/0902/1489/1816/files/Adizero-Prime-X3-Strung-Orange-White-Wheat-Blue-Adidas-251608311.png?v=1776614838
adidas-adizero-prime-x3-strung-orange-white-wheat-blue,3,https://cdn.shopify.com/s/files/1/0902/1489/1816/files/Adizero-Prime-X3-Strung-Orange-White-Wheat-Blue-Adidas-251608444.png?v=1776614839
adidas-adizero-prime-x3-strung-orange-white-wheat-blue,4,https://cdn.shopify.com/s/files/1/0902/1489/1816/files/Adizero-Prime-X3-Strung-Orange-White-Wheat-Blue-Adidas-251608566.png?v=1776614845
adidas-adizero-prime-x3-strung-orange-white-wheat-blue,5,https://cdn.shopify.com/s/files/1/0902/1489/1816/files/Adizero-Prime-X3-Strung-Orange-White-Wheat-Blue-Adidas-251608627.png?v=1776614845
adidas-adizero-prime-x3-strung-orange-white-wheat-blue,6,https://cdn.shopify.com/s/files/1/0902/1489/1816/files/Adizero-Prime-X3-Strung-Orange-White-Wheat-Blue-Adidas-251608770.png?v=1776614852
adidas-adizero-prime-x3-strung-orange-white-wheat-blue,7,https://cdn.shopify.com/s/files/1/0902/1489/1816/files/Adizero-Prime-X3-Strung-Orange-White-Wheat-Blue-Adidas-251608818.png?v=1776614852
adidas-adizero-prime-x3-strung-powder-plum-black-pink,1,https://cdn.shopify.com/s/files/1/0902/1489/1816/files/Adizero-Prime-X3-Strung-Powder-plum-black-pink-Adidas-251603127.png?v=1776614822
adidas-adizero-prime-x3-strung-powder-plum-black-pink,2,https://cdn.shopify.com/s/files/1/0902/1489/1816/files/Adizero-Prime-X3-Strung-Powder-plum-black-pink-Adidas-251603227.png?v=1776614817
adidas-adizero-prime-x3-strung-powder-plum-black-pink,3,https://cdn.shopify.com/s/files/1/0902/1489/1816/files/Adizero-Prime-X3-Strung-Powder-plum-black-pink-Adidas-251603327.png?v=1776614820
adidas-adizero-prime-x3-strung-powder-plum-black-pink,4,https://cdn.shopify.com/s/files/1/0902/1489/1816/files/Adizero-Prime-X3-Strung-Powder-plum-black-pink-Adidas-251603473.png?v=1776614823
adidas-adizero-prime-x3-strung-powder-plum-black-pink,5,https://cdn.shopify.com/s/files/1/0902/1489/1816/files/Adizero-Prime-X3-Strung-Powder-plum-black-pink-Adidas-251603539.png?v=1776614825
adidas-adizero-prime-x3-strung-powder-plum-black-pink,6,https://cdn.shopify.com/s/files/1/0902/1489/1816/files/Adizero-Prime-X3-Strung-Powder-plum-black-pink-Adidas-251603627.png?v=1776614826
adidas-adizero-prime-x3-strung-powder-plum-black-pink,7,https://cdn.shopify.com/s/files/1/0902/1489/1816/files/Adizero-Prime-X3-Strung-Powder-plum-black-pink-Adidas-251603725.png?v=1776614832
adidas-adizero-prime-x3-strung-red-black,1,https://cdn.shopify.com/s/files/1/0902/1489/1816/files/Adizero-Prime-X3-Strung-Red-Black-Adidas-251601650.png?v=1776614807
adidas-adizero-prime-x3-strung-red-black,2,https://cdn.shopify.com/s/files/1/0902/1489/1816/files/Adizero-Prime-X3-Strung-Red-Black-Adidas-251601738.png?v=1776614787
adidas-adizero-prime-x3-strung-red-black,3,https://cdn.shopify.com/s/files/1/0902/1489/1816/files/Adizero-Prime-X3-Strung-Red-Black-Adidas-251601856.png?v=1776614796
adidas-adizero-prime-x3-strung-red-black,4,https://cdn.shopify.com/s/files/1/0902/1489/1816/files/Adizero-Prime-X3-Strung-Red-Black-Adidas-251601972.png?v=1776614801
adidas-adizero-prime-x3-strung-red-black,5,https://cdn.shopify.com/s/files/1/0902/1489/1816/files/Adizero-Prime-X3-Strung-Red-Black-Adidas-251602081.png?v=1776614804
adidas-adizero-prime-x3-strung-red-black,6,https://cdn.shopify.com/s/files/1/0902/1489/1816/files/Adizero-Prime-X3-Strung-Red-Black-Adidas-251602158.png?v=1776614807
adidas-adizero-prime-x3-strung-red-black,7,https://cdn.shopify.com/s/files/1/0902/1489/1816/files/Adizero-Prime-X3-Strung-Red-Black-Adidas-251602291.png?v=1776614812
adidas-adizero-prime-x3-strung-flash-aqua-lucid-lemon,1,https://cdn.shopify.com/s/files/1/0902/1489/1816/files/Adizero-Prime-X3-Strung-Flash-Aqua-Lucid-Lemon-Adidas-251600456.png?v=1776614787
adidas-adizero-prime-x3-strung-flash-aqua-lucid-lemon,2,https://cdn.shopify.com/s/files/1/0902/1489/1816/files/Adizero-Prime-X3-Strung-Flash-Aqua-Lucid-Lemon-Adidas-251600534.png?v=1776614772
adidas-adizero-prime-x3-strung-flash-aqua-lucid-lemon,3,https://cdn.shopify.com/s/files/1/0902/1489/1816/files/Adizero-Prime-X3-Strung-Flash-Aqua-Lucid-Lemon-Adidas-251600644.png?v=1776614773
adidas-adizero-prime-x3-strung-flash-aqua-lucid-lemon,4,https://cdn.shopify.com/s/files/1/0902/1489/1816/files/Adizero-Prime-X3-Strung-Flash-Aqua-Lucid-Lemon-Adidas-251600746.png?v=1776614777
adidas-adizero-prime-x3-strung-flash-aqua-lucid-lemon,5,https://cdn.shopify.com/s/files/1/0902/1489/1816/files/Adizero-Prime-X3-Strung-Flash-Aqua-Lucid-Lemon-Adidas-251600859.png?v=1776614787
adidas-adizero-prime-x3-strung-flash-aqua-lucid-lemon,6,https://cdn.shopify.com/s/files/1/0902/1489/1816/files/Adizero-Prime-X3-Strung-Flash-Aqua-Lucid-Lemon-Adidas-251600919.png?v=1776614789
mafate-speed-x-corail-rose,1,https://cdn.shopify.com/s/files/1/0902/1489/1816/files/Mafate-Speed-X-Corail-Rose-Hoka-245717656.jpg?v=1766702221
mafate-speed-x-corail-rose,2,https://cdn.shopify.com/s/files/1/0902/1489/1816/files/Mafate-Speed-X-Corail-Rose-Hoka-245717798.jpg?v=1766702224
mafate-speed-x-corail-rose,3,https://cdn.shopify.com/s/files/1/0902/1489/1816/files/Mafate-Speed-X-Corail-Rose-Hoka-245717862.jpg?v=1766702224
mafate-speed-x-corail-rose,4,https://cdn.shopify.com/s/files/1/0902/1489/1816/files/Mafate-Speed-X-Corail-Rose-Hoka-245717991.jpg?v=1766702228
mafate-speed-x-corail-rose,5,https://cdn.shopify.com/s/files/1/0902/1489/1816/files/Mafate-Speed-X-Corail-Rose-Hoka-245718027.jpg?v=1766702227
mafate-speed-x-corail-rose,6,https://cdn.shopify.com/s/files/1/0902/1489/1816/files/Mafate-Speed-X-Corail-Rose-Hoka-245718147.jpg?v=1766702230
mafate-speed-x-corail-rose,7,https://cdn.shopify.com/s/files/1/0902/1489/1816/files/Mafate-Speed-X-Corail-Rose-Hoka-245718233.jpg?v=1766702231
mafate-speed-x-jaune,1,https://cdn.shopify.com/s/files/1/0902/1489/1816/files/Mafate-Speed-X-Jaune-Hoka-245717081.jpg?v=1766702212
mafate-speed-x-jaune,2,https://cdn.shopify.com/s/files/1/0902/1489/1816/files/Mafate-Speed-X-Jaune-Hoka-245717182.jpg?v=1766702215
mafate-speed-x-jaune,3,https://cdn.shopify.com/s/files/1/0902/1489/1816/files/Mafate-Speed-X-Jaune-Hoka-245717272.jpg?v=1766702215
mafate-speed-x-jaune,4,https://cdn.shopify.com/s/files/1/0902/1489/1816/files/Mafate-Speed-X-Jaune-Hoka-245717383.jpg?v=1766702218
mafate-speed-x-jaune,5,https://cdn.shopify.com/s/files/1/0902/1489/1816/files/Mafate-Speed-X-Jaune-Hoka-245717464.jpg?v=1766702219
mafate-speed-x-jaune,6,https://cdn.shopify.com/s/files/1/0902/1489/1816/files/Mafate-Speed-X-Jaune-Hoka-245717525.jpg?v=1766702221
adidas-adizero-prime-x3-strung-cloud-white-lucid-red,1,https://cdn.shopify.com/s/files/1/0902/1489/1816/files/Adizero-Prime-X3-Strung-Cloud-White-Lucid-Red-Adidas-251592522.png?v=1776614759
adidas-adizero-prime-x3-strung-cloud-white-lucid-red,2,https://cdn.shopify.com/s/files/1/0902/1489/1816/files/Adizero-Prime-X3-Strung-Cloud-White-Lucid-Red-Adidas-251592691.png?v=1776614741
adidas-adizero-prime-x3-strung-cloud-white-lucid-red,3,https://cdn.shopify.com/s/files/1/0902/1489/1816/files/Adizero-Prime-X3-Strung-Cloud-White-Lucid-Red-Adidas-251592772.png?v=1776614751
adidas-adizero-prime-x3-strung-cloud-white-lucid-red,4,https://cdn.shopify.com/s/files/1/0902/1489/1816/files/Adizero-Prime-X3-Strung-Cloud-White-Lucid-Red-Adidas-251592863.png?v=1776614757
adidas-adizero-prime-x3-strung-cloud-white-lucid-red,5,https://cdn.shopify.com/s/files/1/0902/1489/1816/files/Adizero-Prime-X3-Strung-Cloud-White-Lucid-Red-Adidas-251592965.png?v=1776614752
adidas-adizero-prime-x3-strung-cloud-white-lucid-red,6,https://cdn.shopify.com/s/files/1/0902/1489/1816/files/Adizero-Prime-X3-Strung-Cloud-White-Lucid-Red-Adidas-251593022.png?v=1776614757
adidas-adizero-prime-x3-strung-cloud-white-lucid-red,7,https://cdn.shopify.com/s/files/1/0902/1489/1816/files/Adizero-Prime-X3-Strung-Cloud-White-Lucid-Red-Adidas-251593197.png?v=1776614762
adidas-adizero-prime-x3-strung-cloud-white-lucid-red,8,https://cdn.shopify.com/s/files/1/0902/1489/1816/files/Adizero-Prime-X3-Strung-Cloud-White-Lucid-Red-Adidas-251593279.png?v=1776614765
adidas-adizero-prime-x3-strung-mercedes-amg-black-lucid-red,1,https://cdn.shopify.com/s/files/1/0902/1489/1816/files/Adizero-Prime-X3-Strung-Mercedes-AMG-Black-Lucid-Red-Adidas-251590477.png?v=1776614730
adidas-adizero-prime-x3-strung-mercedes-amg-black-lucid-red,2,https://cdn.shopify.com/s/files/1/0902/1489/1816/files/Adizero-Prime-X3-Strung-Mercedes-AMG-Black-Lucid-Red-Adidas-251590596.png?v=1776614710
adidas-adizero-prime-x3-strung-mercedes-amg-black-lucid-red,3,https://cdn.shopify.com/s/files/1/0902/1489/1816/files/Adizero-Prime-X3-Strung-Mercedes-AMG-Black-Lucid-Red-Adidas-251590679.png?v=1776614711
adidas-adizero-prime-x3-strung-mercedes-amg-black-lucid-red,4,https://cdn.shopify.com/s/files/1/0902/1489/1816/files/Adizero-Prime-X3-Strung-Mercedes-AMG-Black-Lucid-Red-Adidas-251590763.png?v=1776614717
adidas-adizero-prime-x3-strung-mercedes-amg-black-lucid-red,5,https://cdn.shopify.com/s/files/1/0902/1489/1816/files/Adizero-Prime-X3-Strung-Mercedes-AMG-Black-Lucid-Red-Adidas-251590860.png?v=1776614719
adidas-adizero-prime-x3-strung-mercedes-amg-black-lucid-red,6,https://cdn.shopify.com/s/files/1/0902/1489/1816/files/Adizero-Prime-X3-Strung-Mercedes-AMG-Black-Lucid-Red-Adidas-251590984.png?v=1776614725
adidas-adizero-prime-x3-strung-mercedes-amg-black-lucid-red,7,https://cdn.shopify.com/s/files/1/0902/1489/1816/files/Adizero-Prime-X3-Strung-Mercedes-AMG-Black-Lucid-Red-Adidas-251591063.png?v=1776614729
adidas-adizero-prime-x3-strung-mercedes-amg-black-lucid-red,8,https://cdn.shopify.com/s/files/1/0902/1489/1816/files/Adizero-Prime-X3-Strung-Mercedes-AMG-Black-Lucid-Red-Adidas-251591152.png?v=1776614733
adidas-adizero-prime-x3-strung-black-white-red,1,https://cdn.shopify.com/s/files/1/0902/1489/1816/files/Adizero-Prime-X3-Strung-Black-White-Red-Adidas-251589318.png?v=1774348190
adidas-adizero-prime-x3-strung-black-white-red,2,https://cdn.shopify.com/s/files/1/0902/1489/1816/files/Adizero-Prime-X3-Strung-Black-White-Red-Adidas-251589462.png?v=1774348183
adidas-adizero-prime-x3-strung-black-white-red,3,https://cdn.shopify.com/s/files/1/0902/1489/1816/files/Adizero-Prime-X3-Strung-Black-White-Red-Adidas-251589548.png?v=1774348184
adidas-adizero-prime-x3-strung-black-white-red,4,https://cdn.shopify.com/s/files/1/0902/1489/1816/files/Adizero-Prime-X3-Strung-Black-White-Red-Adidas-251589629.png?v=1774348184
adidas-adizero-prime-x3-strung-black-white-red,5,https://cdn.shopify.com/s/files/1/0902/1489/1816/files/Adizero-Prime-X3-Strung-Black-White-Red-Adidas-251589737.png?v=1774348185
adidas-adizero-prime-x3-strung-white-green,1,https://cdn.shopify.com/s/files/1/0902/1489/1816/files/Adizero-Prime-X3-Strung-white-Green-Adidas-251586814.png?v=1776614701
adidas-adizero-prime-x3-strung-white-green,2,https://cdn.shopify.com/s/files/1/0902/1489/1816/files/Adizero-Prime-X3-Strung-white-Green-Adidas-251586933.png?v=1776614683
adidas-adizero-prime-x3-strung-white-green,3,https://cdn.shopify.com/s/files/1/0902/1489/1816/files/Adizero-Prime-X3-Strung-white-Green-Adidas-251587033.png?v=1776614688
adidas-adizero-prime-x3-strung-white-green,4,https://cdn.shopify.com/s/files/1/0902/1489/1816/files/Adizero-Prime-X3-Strung-white-Green-Adidas-251587145.png?v=1776614693
adidas-adizero-prime-x3-strung-white-green,5,https://cdn.shopify.com/s/files/1/0902/1489/1816/files/Adizero-Prime-X3-Strung-white-Green-Adidas-251587222.png?v=1776614697
adidas-adizero-prime-x3-strung-white-green,6,https://cdn.shopify.com/s/files/1/0902/1489/1816/files/Adizero-Prime-X3-Strung-white-Green-Adidas-251587331.png?v=1776614701
adidas-adizero-prime-x3-strung-white-green,7,https://cdn.shopify.com/s/files/1/0902/1489/1816/files/Adizero-Prime-X3-Strung-white-Green-Adidas-251587451.png?v=1776614702
adidas-adizero-prime-x3-strung-ekiden-solar-blue-trainer,1,https://cdn.shopify.com/s/files/1/0902/1489/1816/files/Adizero-Prime-X3-Strung-Ekiden-Solar-Blue-_-Trainer-Adidas-251586312.png?v=1776614545
adidas-adizero-prime-x3-strung-ekiden-solar-blue-trainer,2,https://cdn.shopify.com/s/files/1/0902/1489/1816/files/Adizero-Prime-X3-Strung-Ekiden-Solar-Blue-_-Trainer-Adidas-251586634.webp?v=1776615314
adidas-adizero-prime-x3-strung-ekiden-solar-blue-trainer,3,https://cdn.shopify.com/s/files/1/0902/1489/1816/files/Adizero-Prime-X3-Strung-Ekiden-Solar-Blue-_-Trainer-Adidas-251586419.webp?v=1776615309
adidas-adizero-prime-x3-strung-ekiden-solar-blue-trainer,4,https://cdn.shopify.com/s/files/1/0902/1489/1816/files/Adizero-Prime-X3-Strung-Ekiden-Solar-Blue-_-Trainer-Adidas-251586559.webp?v=1776615311
adidas-adizero-prime-x3-strung-ekiden-solar-blue-trainer,5,https://cdn.shopify.com/s/files/1/0902/1489/1816/files/Adizero-Prime-X3-Strung-Ekiden-Solar-Blue-_-Trainer-Adidas-251586790.webp?v=1776615316
nike-mind-001-slide-light-bone,1,https://cdn.shopify.com/s/files/1/0902/1489/1816/files/Mind-001-Slide-Light-Bone-Nike-251570959.png?v=1774273839
nike-mind-001-slide-light-bone,2,https://cdn.shopify.com/s/files/1/0902/1489/1816/files/Mind-001-Slide-Light-Bone-Nike-251568479.png?v=1776614665
nike-mind-001-slide-light-bone,3,https://cdn.shopify.com/s/files/1/0902/1489/1816/files/Mind-001-Slide-Light-Bone-Nike-251568516.png?v=1776614665
nike-mind-001-slide-light-bone,4,https://cdn.shopify.com/s/files/1/0902/1489/1816/files/Mind-001-Slide-Light-Bone-Nike-251568637.png?v=1776614675
nike-mind-001-slide-light-bone,5,https://cdn.shopify.com/s/files/1/0902/1489/1816/files/Mind-001-Slide-Light-Bone-Nike-251568312.png?v=1776614653
nike-mind-001-slide-light-bone,6,https://cdn.shopify.com/s/files/1/0902/1489/1816/files/Mind-001-Black-Hyper-Crimson-_-Mule-Recuperation-Nike-251226443.jpg?v=1776614498
nike-vomero-premium-alabaster-citron-pulse,1,https://cdn.shopify.com/s/files/1/0902/1489/1816/files/Vomero-Premium-Alabaster-Nike-251546877.png?v=1776614651
nike-vomero-premium-alabaster-citron-pulse,2,https://cdn.shopify.com/s/files/1/0902/1489/1816/files/Vomero-Premium-Alabaster-Nike-251546976.png?v=1776614655
nike-vomero-premium-alabaster-citron-pulse,3,https://cdn.shopify.com/s/files/1/0902/1489/1816/files/Nike-Vomero-Premium-Alabaster-Citron-Pulse-Nike-255694054.jpg?v=1779217413
nike-vomero-premium-alabaster-citron-pulse,4,https://cdn.shopify.com/s/files/1/0902/1489/1816/files/Nike-Vomero-Premium-Alabaster-Citron-Pulse-Nike-255694128.jpg?v=1779217413
nike-vomero-premium-alabaster-citron-pulse,5,https://cdn.shopify.com/s/files/1/0902/1489/1816/files/Vomero-Premium-Alabaster-Nike-251547069.png?v=1776614663
nike-vomero-premium-alabaster-citron-pulse,6,https://cdn.shopify.com/s/files/1/0902/1489/1816/files/Nike-Vomero-Premium-Alabaster-Citron-Pulse-Nike-255694221.jpg?v=1779217416
nike-vomero-premium-alabaster-citron-pulse,7,https://cdn.shopify.com/s/files/1/0902/1489/1816/files/Vomero-Premium-Alabaster-Nike-251547332.png?v=1776614669
nike-vomero-premium-alabaster-citron-pulse,8,https://cdn.shopify.com/s/files/1/0902/1489/1816/files/Vomero-Premium-Alabaster-Nike-251547173.png?v=1776614647
nike-vomero-premium-black-sapphire-hot-lava,1,https://cdn.shopify.com/s/files/1/0902/1489/1816/files/Nike-Vomero-Premium-Black-Sapphire-Hot-Lava-Nike-255706239.png?v=1779287194
nike-vomero-premium-black-sapphire-hot-lava,2,https://cdn.shopify.com/s/files/1/0902/1489/1816/files/Nike-Vomero-Premium-Black-Sapphire-Rose-Nike-251545518.png?v=1776614610
nike-vomero-premium-black-sapphire-hot-lava,3,https://cdn.shopify.com/s/files/1/0902/1489/1816/files/Nike-Vomero-Premium-Black-Sapphire-Rose-Nike-251545673.png?v=1776614621
nike-vomero-premium-black-sapphire-hot-lava,4,https://cdn.shopify.com/s/files/1/0902/1489/1816/files/Nike-Vomero-Premium-Black-Sapphire-Rose-Nike-251546016.png?v=1776614643
nike-vomero-premium-black-sapphire-hot-lava,5,https://cdn.shopify.com/s/files/1/0902/1489/1816/files/Nike-Vomero-Premium-Black-Sapphire-Hot-Lava-Nike-255704856.png?v=1779284724
nike-vomero-premium-black-sapphire-hot-lava,6,https://cdn.shopify.com/s/files/1/0902/1489/1816/files/Nike-Vomero-Premium-Black-Sapphire-Rose-Nike-251545820.png?v=1776614642
nike-vomero-premium-black-sapphire-hot-lava,7,https://cdn.shopify.com/s/files/1/0902/1489/1816/files/Nike-Vomero-Premium-Black-Sapphire-Rose-Nike-251545952.png?v=1776614642
nike-vomero-premium-black-sapphire-hot-lava,8,https://cdn.shopify.com/s/files/1/0902/1489/1816/files/Nike-Vomero-Premium-Black-Sapphire-Rose-Nike-251545773.png?v=1776614626
nike-vomero-premium-black-sapphire-hot-lava,9,https://cdn.shopify.com/s/files/1/0902/1489/1816/files/Nike-Vomero-Premium-Black-Sapphire-Hot-Lava-Nike-255704984.png?v=1779284726
nike-pegasus-premium-hyper-pink-bright-crimson,1,https://cdn.shopify.com/s/files/1/0902/1489/1816/files/Air-Zoom-Pegasus-Premium-Hyper-Pink-Nike-251658763.png?v=1774452997
nike-pegasus-premium-hyper-pink-bright-crimson,2,https://cdn.shopify.com/s/files/1/0902/1489/1816/files/Pegasus-Premium-Hyper-Pink-Nike-251658027.png?v=1776614555
nike-pegasus-premium-hyper-pink-bright-crimson,3,https://cdn.shopify.com/s/files/1/0902/1489/1816/files/Pegasus-Premium-Hyper-Pink-Nike-251658226.png?v=1776614561
nike-pegasus-premium-hyper-pink-bright-crimson,4,https://cdn.shopify.com/s/files/1/0902/1489/1816/files/Pegasus-Premium-Hyper-Pink-Nike-251658341.png?v=1776614565
nike-pegasus-premium-hyper-pink-bright-crimson,5,https://cdn.shopify.com/s/files/1/0902/1489/1816/files/Pegasus-Premium-Hyper-Pink-Nike-251658450.png?v=1776614573
nike-pegasus-premium-hyper-pink-bright-crimson,6,https://cdn.shopify.com/s/files/1/0902/1489/1816/files/Pegasus-Premium-Hyper-Pink-Nike-251658556.png?v=1776614578
nike-pegasus-premium-hyper-pink-bright-crimson,7,https://cdn.shopify.com/s/files/1/0902/1489/1816/files/Pegasus-Premium-Hyper-Pink-Nike-251658626.png?v=1776614578
nike-vomero-premium-blue-tint-pink-spell,1,https://cdn.shopify.com/s/files/1/0902/1489/1816/files/Nike-Vomero-Premium-Blue-Tint-Pink-Spell-Nike-255746476.png?v=1779455173
nike-vomero-premium-blue-tint-pink-spell,2,https://cdn.shopify.com/s/files/1/0902/1489/1816/files/Vomero-Premium-Blue-Tint-Nike-251542750.png?v=1776614537
nike-vomero-premium-blue-tint-pink-spell,3,https://cdn.shopify.com/s/files/1/0902/1489/1816/files/Vomero-Premium-Blue-Tint-Nike-251542886.png?v=1776614545
nike-vomero-premium-blue-tint-pink-spell,4,https://cdn.shopify.com/s/files/1/0902/1489/1816/files/Nike-Vomero-Premium-Blue-Tint-Pink-Spell-Nike-255704520.jpg?v=1781798523
nike-vomero-premium-blue-tint-pink-spell,5,https://cdn.shopify.com/s/files/1/0902/1489/1816/files/Nike-Vomero-Premium-Blue-Tint-Pink-Spell-Nike-255704633.jpg?v=1779284099
nike-vomero-premium-blue-tint-pink-spell,6,https://cdn.shopify.com/s/files/1/0902/1489/1816/files/Vomero-Premium-Blue-Tint-Nike-251542942.webp?v=1776615320
nike-vomero-premium-blue-tint-pink-spell,7,https://cdn.shopify.com/s/files/1/0902/1489/1816/files/Vomero-Premium-Blue-Tint-Nike-251543093.png?v=1776614552
nike-vomero-premium-blue-tint-pink-spell,8,https://cdn.shopify.com/s/files/1/0902/1489/1816/files/Vomero-Premium-Blue-Tint-Nike-251543116.png?v=1776614557
nike-alphafly-3-obsidian-persian-violet,1,https://cdn.shopify.com/s/files/1/0902/1489/1816/files/Air-Zoom-Alphafly-Next_-3-Bleu-Nike-245781512.jpg?v=1766704047
nike-alphafly-3-obsidian-persian-violet,2,https://cdn.shopify.com/s/files/1/0902/1489/1816/files/Air-Zoom-Alphafly-Next_-3-Bleu-Nike-245781659.jpg?v=1766704049
nike-alphafly-3-obsidian-persian-violet,3,https://cdn.shopify.com/s/files/1/0902/1489/1816/files/Alphafly-3-Obsidian-Persian-Violet-_-Super-Shoe-Nike-254615397.jpg?v=1776892701
nike-alphafly-3-obsidian-persian-violet,4,https://cdn.shopify.com/s/files/1/0902/1489/1816/files/Alphafly-3-Obsidian-Persian-Violet-_-Super-Shoe-Nike-254616377.jpg?v=1776892899
nike-alphafly-3-obsidian-persian-violet,5,https://cdn.shopify.com/s/files/1/0902/1489/1816/files/Nike-Alphafly-3-Obsidian-Persian-Violet-Nike-255664382.jpg?v=1779065652
nike-alphafly-3-obsidian-persian-violet,6,https://cdn.shopify.com/s/files/1/0902/1489/1816/files/Nike-Alphafly-3-Obsidian-Persian-Violet-Nike-255664430.jpg?v=1779065653
nike-alphafly-3-obsidian-persian-violet,7,https://cdn.shopify.com/s/files/1/0902/1489/1816/files/Alphafly-3-Obsidian-Persian-Violet-_-Super-Shoe-Nike-254615599.jpg?v=1776892822
nike-alphafly-3-pick-up-the-pace-white-crimson,1,https://cdn.shopify.com/s/files/1/0902/1489/1816/files/Alphafly-3-Blanc-Rose-Nike-246535781.png?v=1771249932
nike-alphafly-3-pick-up-the-pace-white-crimson,2,https://cdn.shopify.com/s/files/1/0902/1489/1816/files/Alphafly-3-Blanc-Rose-Nike-246535440.png?v=1771249930
nike-alphafly-3-pick-up-the-pace-white-crimson,3,https://cdn.shopify.com/s/files/1/0902/1489/1816/files/Nike-Alphafly-3-Pick-Up-The-Pace-White-Crimson-Nike-255663964.jpg?v=1779055882
nike-alphafly-3-pick-up-the-pace-white-crimson,4,https://cdn.shopify.com/s/files/1/0902/1489/1816/files/Nike-Alphafly-3-Pick-Up-The-Pace-White-Crimson-Nike-255664073.jpg?v=1779055884
nike-alphafly-3-pick-up-the-pace-white-crimson,5,https://cdn.shopify.com/s/files/1/0902/1489/1816/files/Nike-Alphafly-3-Pick-Up-The-Pace-White-Crimson-Nike-255664156.jpg?v=1779055884
nike-alphafly-3-pick-up-the-pace-white-crimson,6,https://cdn.shopify.com/s/files/1/0902/1489/1816/files/Alphafly-3-Blanc-Rose-Nike-246535620.png?v=1771249931
nike-alphafly-3-pick-up-the-pace-white-crimson,7,https://cdn.shopify.com/s/files/1/0902/1489/1816/files/Alphafly-3-Blanc-Rose-Nike-246535543.png?v=1771249930
nike-alphafly-3-pick-up-the-pace-white-crimson,8,https://cdn.shopify.com/s/files/1/0902/1489/1816/files/Nike-Alphafly-3-Pick-Up-The-Pace-White-Crimson-Nike-255664284.jpg?v=1779055885
nike-alphafly-3-faith-kipyegon-burgundy-fuchsia,1,https://cdn.shopify.com/s/files/1/0902/1489/1816/files/Alphafly-3-Bordeaux-Nike-246534748.png?v=1771249923
nike-alphafly-3-faith-kipyegon-burgundy-fuchsia,2,https://cdn.shopify.com/s/files/1/0902/1489/1816/files/Alphafly-3-Bordeaux-Nike-246534346.png?v=1771249918
nike-alphafly-3-faith-kipyegon-burgundy-fuchsia,3,https://cdn.shopify.com/s/files/1/0902/1489/1816/files/Nike-Alphafly-3-Faith-Kipyegon-Burgundy-Fuchsia-Nike-255664583.jpg?v=1779066294
nike-alphafly-3-faith-kipyegon-burgundy-fuchsia,4,https://cdn.shopify.com/s/files/1/0902/1489/1816/files/Alphafly-3-Bordeaux-Nike-246534427.png?v=1771249920
nike-alphafly-3-faith-kipyegon-burgundy-fuchsia,5,https://cdn.shopify.com/s/files/1/0902/1489/1816/files/Alphafly-3-Bordeaux-Nike-246534566.png?v=1771249924
nike-alphafly-3-faith-kipyegon-burgundy-fuchsia,6,https://cdn.shopify.com/s/files/1/0902/1489/1816/files/Alphafly-3-Bordeaux-Nike-246534695.png?v=1771249927
nike-alphafly-3-faith-kipyegon-burgundy-fuchsia,7,https://cdn.shopify.com/s/files/1/0902/1489/1816/files/Nike-Alphafly-3-Faith-Kipyegon-Burgundy-Fuchsia-Nike-255664674.jpg?v=1779066296
nike-alphafly-3-faith-kipyegon-burgundy-fuchsia,8,https://cdn.shopify.com/s/files/1/0902/1489/1816/files/Nike-Alphafly-3-Faith-Kipyegon-Burgundy-Fuchsia-Nike-255664772.jpg?v=1779066296
nike-alphafly-3-hyper-pink-crimson-tint,1,https://cdn.shopify.com/s/files/1/0902/1489/1816/files/Nike-Alphafly-3-Hyper-Pink-Crimson-Tint-Nike-255666552.png?v=1779070601
nike-alphafly-3-hyper-pink-crimson-tint,2,https://cdn.shopify.com/s/files/1/0902/1489/1816/files/Nike-Alphafly-3-Hyper-Pink-Crimson-Tint-Nike-255665747.jpg?v=1779070508
nike-alphafly-3-hyper-pink-crimson-tint,3,https://cdn.shopify.com/s/files/1/0902/1489/1816/files/Nike-Alphafly-3-Hyper-Pink-Crimson-Tint-Nike-255665825.jpg?v=1779070509
nike-alphafly-3-hyper-pink-crimson-tint,4,https://cdn.shopify.com/s/files/1/0902/1489/1816/files/Nike-Alphafly-3-Hyper-Pink-Crimson-Tint-Nike-255665993.jpg?v=1779070509
nike-alphafly-3-hyper-pink-crimson-tint,5,https://cdn.shopify.com/s/files/1/0902/1489/1816/files/Nike-Alphafly-3-Hyper-Pink-Crimson-Tint-Nike-255666011.jpg?v=1779070511
nike-alphafly-3-hyper-pink-crimson-tint,6,https://cdn.shopify.com/s/files/1/0902/1489/1816/files/Nike-Alphafly-3-Hyper-Pink-Crimson-Tint-Nike-255666115.jpg?v=1779070515
nike-alphafly-3-hyper-pink-crimson-tint,7,https://cdn.shopify.com/s/files/1/0902/1489/1816/files/Nike-Alphafly-3-Hyper-Pink-Crimson-Tint-Nike-255666218.jpg?v=1779070515
nike-alphafly-3-hyper-pink-crimson-tint,8,https://cdn.shopify.com/s/files/1/0902/1489/1816/files/Nike-Alphafly-3-Hyper-Pink-Crimson-Tint-Nike-255666486.jpg?v=1779070517
nike-alphafly-3-hyper-pink-crimson-tint,9,https://cdn.shopify.com/s/files/1/0902/1489/1816/files/Nike-Alphafly-3-Hyper-Pink-Crimson-Tint-Nike-255666321.jpg?v=1779070516
nike-alphafly-3-eliud-kipchoge-no-human-is-limited,1,https://cdn.shopify.com/s/files/1/0902/1489/1816/files/Air-Zoom-Alphafly-Next_-3-Eliud-Kipchoge-Nike-245781174.jpg?v=1766704035
nike-alphafly-3-eliud-kipchoge-no-human-is-limited,2,https://cdn.shopify.com/s/files/1/0902/1489/1816/files/Air-Zoom-Alphafly-Next_-3-Eliud-Kipchoge-Nike-245781280.jpg?v=1766704036
nike-alphafly-3-eliud-kipchoge-no-human-is-limited,3,https://cdn.shopify.com/s/files/1/0902/1489/1816/files/Nike-Alphafly-3-Eliud-Kipchoge-No-Human-Is-Limited-Nike-255664853.jpg?v=1779068135
nike-alphafly-3-eliud-kipchoge-no-human-is-limited,4,https://cdn.shopify.com/s/files/1/0902/1489/1816/files/Alphafly-3-Eliud-Kipchoge-No-Human-Is-Limited-Nike-254617425.jpg?v=1776894008
nike-alphafly-3-eliud-kipchoge-no-human-is-limited,5,https://cdn.shopify.com/s/files/1/0902/1489/1816/files/Alphafly-3-Eliud-Kipchoge-No-Human-Is-Limited-Nike-254617369.webp?v=1776894005
nike-alphafly-3-eliud-kipchoge-no-human-is-limited,6,https://cdn.shopify.com/s/files/1/0902/1489/1816/files/Alphafly-3-Eliud-Kipchoge-No-Human-Is-Limited-Nike-254617220.jpg?v=1776894004
nike-alphafly-3-eliud-kipchoge-no-human-is-limited,7,https://cdn.shopify.com/s/files/1/0902/1489/1816/files/Alphafly-3-Eliud-Kipchoge-No-Human-Is-Limited-Nike-254617569.webp?v=1776894008
nike-alphafly-3-white-hyper-turquoise-concord-black,1,https://cdn.shopify.com/s/files/1/0902/1489/1816/files/Air-Zoom-Alphafly-Next_-3-Blanc-Bleu-Vert-Fuchsia-Nike-245781840.jpg?v=1766704057
nike-alphafly-3-white-hyper-turquoise-concord-black,2,https://cdn.shopify.com/s/files/1/0902/1489/1816/files/Air-Zoom-Alphafly-Next_-3-Blanc-Bleu-Vert-Fuchsia-Nike-245781922.jpg?v=1766704058
nike-alphafly-3-white-hyper-turquoise-concord-black,3,https://cdn.shopify.com/s/files/1/0902/1489/1816/files/Alphafly-3-White-Hyper-Turquoise-Concord-Black-Nike-254607087.webp?v=1776867893
nike-alphafly-3-white-hyper-turquoise-concord-black,4,https://cdn.shopify.com/s/files/1/0902/1489/1816/files/Alphafly-3-White-Hyper-Turquoise-Concord-Black-Nike-254606928.webp?v=1776867892
nike-alphafly-3-white-hyper-turquoise-concord-black,5,https://cdn.shopify.com/s/files/1/0902/1489/1816/files/Alphafly-3-White-Hyper-Turquoise-Concord-Black-Nike-254606828.webp?v=1776867891
nike-vaporfly-4-white-hyper-pink-mint,1,https://cdn.shopify.com/s/files/1/0902/1489/1816/files/Vaporfly-NEXT_-4-Blanc-rose-Nike-245725639.jpg?v=1766702424
nike-vaporfly-4-white-hyper-pink-mint,2,https://cdn.shopify.com/s/files/1/0902/1489/1816/files/Vaporfly-NEXT_-4-Blanc-rose-Nike-245726019.webp?v=1766702426
nike-vaporfly-4-white-hyper-pink-mint,3,https://cdn.shopify.com/s/files/1/0902/1489/1816/files/Vaporfly-NEXT_-4-Blanc-rose-Nike-245725863.webp?v=1766702424
nike-vaporfly-4-white-hyper-pink-mint,4,https://cdn.shopify.com/s/files/1/0902/1489/1816/files/Vaporfly-NEXT_-4-Blanc-rose-Nike-245725947.webp?v=1766702426
nike-vaporfly-4-white-hyper-pink-mint,5,https://cdn.shopify.com/s/files/1/0902/1489/1816/files/Vaporfly-NEXT_-4-Blanc-rose-Nike-245725722.webp?v=1766702424
nike-vaporfly-4-white-hyper-pink-mint,6,https://cdn.shopify.com/s/files/1/0902/1489/1816/files/Vaporfly-NEXT_-4-Blanc-rose-Nike-245726156.webp?v=1766702429
nike-vaporfly-4-light-trails,1,https://cdn.shopify.com/s/files/1/0902/1489/1816/files/Vaporfly-NEXT_-4-Multicolore-Nike-245724818.jpg?v=1766702415
nike-vaporfly-4-light-trails,2,https://cdn.shopify.com/s/files/1/0902/1489/1816/files/Vaporfly-NEXT_-4-Multicolore-Nike-245725111.webp?v=1766702418
nike-vaporfly-4-light-trails,3,https://cdn.shopify.com/s/files/1/0902/1489/1816/files/Vaporfly-NEXT_-4-Multicolore-Nike-245725251.webp?v=1766702417
nike-vaporfly-4-light-trails,4,https://cdn.shopify.com/s/files/1/0902/1489/1816/files/Vaporfly-NEXT_-4-Multicolore-Nike-245725023.webp?v=1766702414
nike-vaporfly-4-light-trails,5,https://cdn.shopify.com/s/files/1/0902/1489/1816/files/Vaporfly-NEXT_-4-Multicolore-Nike-245725359.webp?v=1766702420
nike-vaporfly-4-ghost-blue-void-persian-violet,1,https://cdn.shopify.com/s/files/1/0902/1489/1816/files/Vaporfly-NEXT_-4-Gris-bleu-Nike-245723524.jpg?v=1766702393
nike-vaporfly-4-ghost-blue-void-persian-violet,2,https://cdn.shopify.com/s/files/1/0902/1489/1816/files/Vaporfly-NEXT_-4-Gris-bleu-Nike-245724065.webp?v=1766702399
nike-vaporfly-4-ghost-blue-void-persian-violet,3,https://cdn.shopify.com/s/files/1/0902/1489/1816/files/Vaporfly-NEXT_-4-Gris-bleu-Nike-245723746.webp?v=1766702395
nike-vaporfly-4-ghost-blue-void-persian-violet,4,https://cdn.shopify.com/s/files/1/0902/1489/1816/files/Vaporfly-NEXT_-4-Gris-bleu-Nike-245723827.webp?v=1766702395
nike-vaporfly-4-ghost-blue-void-persian-violet,5,https://cdn.shopify.com/s/files/1/0902/1489/1816/files/Vaporfly-NEXT_-4-Gris-bleu-Nike-245723635.webp?v=1766702391
nike-vaporfly-4-ghost-blue-void-persian-violet,6,https://cdn.shopify.com/s/files/1/0902/1489/1816/files/Vaporfly-NEXT_-4-Gris-bleu-Nike-245723935.webp?v=1766702399
nike-vaporfly-4-ghost-blue-void-persian-violet,7,https://cdn.shopify.com/s/files/1/0902/1489/1816/files/Vaporfly-NEXT_-4-Gris-bleu-Nike-245724182.webp?v=1766702403
asics-gel-nyc-cream-oyster-grey,1,https://cdn.shopify.com/s/files/1/0902/1489/1816/files/Asics-Gel-NYC-White-Grey-Asics-251468993.png?v=1773938566
asics-gel-nyc-cream-oyster-grey,2,https://cdn.shopify.com/s/files/1/0902/1489/1816/files/Asics-Gel-NYC-White-Grey-Asics-251469074.png?v=1773938565
asics-gel-nyc-cream-oyster-grey,3,https://cdn.shopify.com/s/files/1/0902/1489/1816/files/Asics-GEL-NYC-Cream-Oyster-Grey-Asics-255671012.jpg?v=1779112423
asics-gel-nyc-cream-oyster-grey,4,https://cdn.shopify.com/s/files/1/0902/1489/1816/files/Asics-GEL-NYC-Cream-Oyster-Grey-Asics-255671175.jpg?v=1779112424
asics-gel-nyc-cream-oyster-grey,5,https://cdn.shopify.com/s/files/1/0902/1489/1816/files/Asics-Gel-NYC-White-Grey-Asics-251469278.png?v=1773938567
asics-gel-nyc-cream-oyster-grey,6,https://cdn.shopify.com/s/files/1/0902/1489/1816/files/Asics-GEL-NYC-Cream-Oyster-Grey-Asics-255671261.jpg?v=1779112425
asics-gel-nyc-cream-oyster-grey,7,https://cdn.shopify.com/s/files/1/0902/1489/1816/files/Asics-GEL-NYC-Cream-Oyster-Grey-Asics-255671395.jpg?v=1779112426
asics-gel-nyc-cream-oyster-grey,8,https://cdn.shopify.com/s/files/1/0902/1489/1816/files/Asics-GEL-NYC-Cream-Oyster-Grey-Asics-255671492.jpg?v=1779112426
adidas-adizero-adios-pro-4-core-black-teal,1,https://cdn.shopify.com/s/files/1/0902/1489/1816/files/Adizero-Adios-Pro-4-Black-Core-Black-Powder-Teal-Adidas-251462616.png?v=1774022797
adidas-adizero-adios-pro-4-core-black-teal,2,https://cdn.shopify.com/s/files/1/0902/1489/1816/files/Adizero-Adios-Pro-4-Black-Core-Black-Powder-Teal-Adidas-251462794.png?v=1774022797
adidas-adizero-adios-pro-4-core-black-teal,3,https://cdn.shopify.com/s/files/1/0902/1489/1816/files/Adizero-Adios-Pro-4-Black-Core-Black-Powder-Teal-Adidas-251462847.png?v=1774022797
adidas-adizero-adios-pro-4-core-black-teal,4,https://cdn.shopify.com/s/files/1/0902/1489/1816/files/Adizero-Adios-Pro-4-Black-Core-Black-Powder-Teal-Adidas-251462945.png?v=1774022802
adidas-adizero-adios-pro-4-core-black-teal,5,https://cdn.shopify.com/s/files/1/0902/1489/1816/files/Adizero-Adios-Pro-4-Black-Core-Black-Powder-Teal-Adidas-251463027.png?v=1774022807
adidas-adizero-adios-pro-4-core-black-teal,6,https://cdn.shopify.com/s/files/1/0902/1489/1816/files/Adizero-Adios-Pro-4-Black-Core-Black-Powder-Teal-Adidas-251463187.png?v=1774022806
adidas-adizero-adios-pro-4-core-black-teal,7,https://cdn.shopify.com/s/files/1/0902/1489/1816/files/Adizero-Adios-Pro-4-Black-Core-Black-Powder-Teal-Adidas-251463232.png?v=1774022814
adidas-adizero-adios-pro-4-core-black-teal,8,https://cdn.shopify.com/s/files/1/0902/1489/1816/files/Adizero-Adios-Pro-4-Black-Core-Black-Powder-Teal-Adidas-251463358.png?v=1774022814
adidas-adizero-adios-pro-4-chalk-white,1,https://cdn.shopify.com/s/files/1/0902/1489/1816/files/Adizero-Adios-Pro-4-Chalk-White-Grey-Strata-Adidas-251461056.png?v=1774022766
adidas-adizero-adios-pro-4-chalk-white,2,https://cdn.shopify.com/s/files/1/0902/1489/1816/files/Adizero-Adios-Pro-4-Chalk-White-Grey-Strata-Adidas-251461195.png?v=1774022769
adidas-adizero-adios-pro-4-chalk-white,3,https://cdn.shopify.com/s/files/1/0902/1489/1816/files/Adizero-Adios-Pro-4-Chalk-White-Grey-Strata-Adidas-251461272.png?v=1774022772
adidas-adizero-adios-pro-4-chalk-white,4,https://cdn.shopify.com/s/files/1/0902/1489/1816/files/Adizero-Adios-Pro-4-Chalk-White-Grey-Strata-Adidas-251461373.png?v=1774022776
adidas-adizero-adios-pro-4-chalk-white,5,https://cdn.shopify.com/s/files/1/0902/1489/1816/files/Adizero-Adios-Pro-4-Chalk-White-Grey-Strata-Adidas-251461447.png?v=1774022779
adidas-adizero-adios-pro-4-chalk-white,6,https://cdn.shopify.com/s/files/1/0902/1489/1816/files/Adizero-Adios-Pro-4-Chalk-White-Grey-Strata-Adidas-251461510.png?v=1774022782
adidas-adizero-adios-pro-4-chalk-white,7,https://cdn.shopify.com/s/files/1/0902/1489/1816/files/Adizero-Adios-Pro-4-Chalk-White-Grey-Strata-Adidas-251461640.png?v=1774022787
adidas-adizero-adios-pro-4-chalk-white,8,https://cdn.shopify.com/s/files/1/0902/1489/1816/files/Adizero-Adios-Pro-4-Chalk-White-Grey-Strata-Adidas-251461780.png?v=1774022790
adidas-adizero-adios-pro-4-beijing-marathon,1,https://cdn.shopify.com/s/files/1/0902/1489/1816/files/Adizero-Adios-Pro-4-Beijing-Marathon-Adidas-251459627.png?v=1773923759
adidas-adizero-adios-pro-4-beijing-marathon,2,https://cdn.shopify.com/s/files/1/0902/1489/1816/files/Adizero-Adios-Pro-4-Beijing-Marathon-Adidas-251459797.png?v=1773923758
adidas-adizero-adios-pro-4-beijing-marathon,3,https://cdn.shopify.com/s/files/1/0902/1489/1816/files/Adizero-Adios-Pro-4-Beijing-Marathon-Adidas-251459897.png?v=1773923759
adidas-adizero-adios-pro-4-beijing-marathon,4,https://cdn.shopify.com/s/files/1/0902/1489/1816/files/Adidas-Adizero-Adios-Pro-4-Beijing-Marathon-Adidas-255715780.jpg?v=1779331959
adidas-adizero-adios-pro-4-beijing-marathon,5,https://cdn.shopify.com/s/files/1/0902/1489/1816/files/Adizero-Adios-Pro-4-Beijing-Marathon-Adidas-251459988.png?v=1773923760
adidas-adizero-adios-pro-4-beijing-marathon,6,https://cdn.shopify.com/s/files/1/0902/1489/1816/files/Adizero-Adios-Pro-4-Beijing-Marathon-Adidas-251460011.png?v=1773923760
adidas-adizero-adios-pro-4-beijing-marathon,7,https://cdn.shopify.com/s/files/1/0902/1489/1816/files/Adizero-Adios-Pro-4-Beijing-Marathon-Adidas-251460168.png?v=1773923761
adidas-adizero-adios-pro-4-beijing-marathon,8,https://cdn.shopify.com/s/files/1/0902/1489/1816/files/Adizero-Adios-Pro-4-Beijing-Marathon-Adidas-251460254.png?v=1773923764
adidas-adizero-adios-pro-4-white-purple-lime,1,https://cdn.shopify.com/s/files/1/0902/1489/1816/files/Adizero-Adios-Pro-4-White-Purple-Lime-Burst-Adidas-251458446.png?v=1774022748
adidas-adizero-adios-pro-4-white-purple-lime,2,https://cdn.shopify.com/s/files/1/0902/1489/1816/files/Adidas-Adizero-Adios-Pro-4-White-Purple-Lime-Adidas-255715081.jpg?v=1779331677
adidas-adizero-adios-pro-4-white-purple-lime,3,https://cdn.shopify.com/s/files/1/0902/1489/1816/files/Adidas-Adizero-Adios-Pro-4-White-Purple-Lime-Adidas-255715156.jpg?v=1779331677
adidas-adizero-adios-pro-4-white-purple-lime,4,https://cdn.shopify.com/s/files/1/0902/1489/1816/files/Adidas-Adizero-Adios-Pro-4-White-Purple-Lime-Adidas-255715287.jpg?v=1779331679
adidas-adizero-adios-pro-4-white-purple-lime,5,https://cdn.shopify.com/s/files/1/0902/1489/1816/files/Adidas-Adizero-Adios-Pro-4-White-Purple-Lime-Adidas-255715342.jpg?v=1779331680
adidas-adizero-adios-pro-4-white-purple-lime,6,https://cdn.shopify.com/s/files/1/0902/1489/1816/files/Adidas-Adizero-Adios-Pro-4-White-Purple-Lime-Adidas-255715476.jpg?v=1779331681
adidas-adizero-adios-pro-4-white-purple-lime,7,https://cdn.shopify.com/s/files/1/0902/1489/1816/files/Adidas-Adizero-Adios-Pro-4-White-Purple-Lime-Adidas-255715512.jpg?v=1779331682
adidas-adizero-adios-pro-4-white-purple-lime,8,https://cdn.shopify.com/s/files/1/0902/1489/1816/files/Adidas-Adizero-Adios-Pro-4-White-Purple-Lime-Adidas-255715636.jpg?v=1779331682
adidas-adizero-adios-pro-4-shock-pink,1,https://cdn.shopify.com/s/files/1/0902/1489/1816/files/Adizero-Adios-Pro-4-Shock-Pink-Adidas-251455421.png?v=1774022728
adidas-adizero-adios-pro-4-shock-pink,2,https://cdn.shopify.com/s/files/1/0902/1489/1816/files/Adidas-Adizero-Adios-Pro-4-Shock-Pink-Adidas-255713546.jpg?v=1779329339
adidas-adizero-adios-pro-4-shock-pink,3,https://cdn.shopify.com/s/files/1/0902/1489/1816/files/Adidas-Adizero-Adios-Pro-4-Shock-Pink-Adidas-255713673.jpg?v=1779329342
adidas-adizero-adios-pro-4-shock-pink,4,https://cdn.shopify.com/s/files/1/0902/1489/1816/files/Adidas-Adizero-Adios-Pro-4-Shock-Pink-Adidas-255713764.jpg?v=1779329343
adidas-adizero-adios-pro-4-shock-pink,5,https://cdn.shopify.com/s/files/1/0902/1489/1816/files/Adidas-Adizero-Adios-Pro-4-Shock-Pink-Adidas-255713875.jpg?v=1779329345
adidas-adizero-adios-pro-4-shock-pink,6,https://cdn.shopify.com/s/files/1/0902/1489/1816/files/Adidas-Adizero-Adios-Pro-4-Shock-Pink-Adidas-255713956.jpg?v=1779329346
adidas-adizero-adios-pro-4-shock-pink,7,https://cdn.shopify.com/s/files/1/0902/1489/1816/files/Adidas-Adizero-Adios-Pro-4-Shock-Pink-Adidas-255714089.jpg?v=1779329347
adidas-adizero-adios-pro-4-shock-pink,8,https://cdn.shopify.com/s/files/1/0902/1489/1816/files/Adidas-Adizero-Adios-Pro-4-Shock-Pink-Adidas-255714187.jpg?v=1779329349
adidas-adizero-adios-pro-4-shock-pink,9,https://cdn.shopify.com/s/files/1/0902/1489/1816/files/Adidas-Adizero-Adios-Pro-4-Shock-Pink-Adidas-255714244.jpg?v=1779329354
adidas-adizero-adios-pro-4-mercedes-amg-black-lucid-red,1,https://cdn.shopify.com/s/files/1/0902/1489/1816/files/Adizero-Adios-Pro-4-Mercedes-AMG-Black-Lucid-Red-Adidas-251454467.png?v=1774022727
adidas-adizero-adios-pro-4-mercedes-amg-black-lucid-red,2,https://cdn.shopify.com/s/files/1/0902/1489/1816/files/Adidas-Adios-Pro-4-Mercedes-AMG-Black-Lucid-Red-Adidas-255713450.jpg?v=1779324926
adidas-adizero-adios-pro-4-mercedes-amg-black-lucid-red,3,https://cdn.shopify.com/s/files/1/0902/1489/1816/files/Adizero-Adios-Pro-4-Mercedes-AMG-Black-Lucid-Red-Adidas-251454772.webp?v=1774022848
adidas-adizero-adios-pro-4-mercedes-amg-black-lucid-red,4,https://cdn.shopify.com/s/files/1/0902/1489/1816/files/Adizero-Adios-Pro-4-Mercedes-AMG-Black-Lucid-Red-Adidas-251454657.webp?v=1774022846
adidas-adizero-adios-pro-4-mercedes-amg-black-lucid-red,5,https://cdn.shopify.com/s/files/1/0902/1489/1816/files/Adizero-Adios-Pro-4-Mercedes-AMG-Black-Lucid-Red-Adidas-251454874.webp?v=1774022848
adidas-adizero-adios-pro-4-solar-blue-ekiden-pack,1,https://cdn.shopify.com/s/files/1/0902/1489/1816/files/Adizero-Adios-Pro-4-Ekiden-Adidas-251452260.png?v=1774022724
adidas-adizero-adios-pro-4-solar-blue-ekiden-pack,2,https://cdn.shopify.com/s/files/1/0902/1489/1816/files/Adidas-Adios-Pro-4-Solar-Blue-Ekiden-Pack-Adidas-255712298.jpg?v=1779323100
adidas-adizero-adios-pro-4-solar-blue-ekiden-pack,3,https://cdn.shopify.com/s/files/1/0902/1489/1816/files/Adidas-Adios-Pro-4-Solar-Blue-Ekiden-Pack-Adidas-255712375.jpg?v=1779323100
adidas-adizero-adios-pro-4-solar-blue-ekiden-pack,4,https://cdn.shopify.com/s/files/1/0902/1489/1816/files/Adidas-Adios-Pro-4-Solar-Blue-Ekiden-Pack-Adidas-255712492.jpg?v=1779323101
adidas-adizero-adios-pro-4-solar-blue-ekiden-pack,5,https://cdn.shopify.com/s/files/1/0902/1489/1816/files/Adidas-Adios-Pro-4-Solar-Blue-Ekiden-Pack-Adidas-255712572.jpg?v=1779323101
adidas-adizero-adios-pro-4-solar-blue-ekiden-pack,6,https://cdn.shopify.com/s/files/1/0902/1489/1816/files/Adidas-Adios-Pro-4-Solar-Blue-Ekiden-Pack-Adidas-255712625.jpg?v=1779323102
adidas-adizero-adios-pro-4-solar-blue-ekiden-pack,7,https://cdn.shopify.com/s/files/1/0902/1489/1816/files/Adidas-Adios-Pro-4-Solar-Blue-Ekiden-Pack-Adidas-255712734.jpg?v=1779323105
adidas-adizero-adios-pro-4-solar-blue-ekiden-pack,8,https://cdn.shopify.com/s/files/1/0902/1489/1816/files/Adidas-Adios-Pro-4-Solar-Blue-Ekiden-Pack-Adidas-255712815.jpg?v=1779323105
adidas-adizero-adios-pro-4-solar-blue-ekiden-pack,9,https://cdn.shopify.com/s/files/1/0902/1489/1816/files/Adidas-Adios-Pro-4-Solar-Blue-Ekiden-Pack-Adidas-255712936.jpg?v=1779323106
adidas-adizero-adios-pro-4-solar-blue-ekiden-pack,10,https://cdn.shopify.com/s/files/1/0902/1489/1816/files/Adidas-Adios-Pro-4-Solar-Blue-Ekiden-Pack-Adidas-255713033.jpg?v=1779323108
adidas-adizero-adios-pro-4-solar-blue-ekiden-pack,11,https://cdn.shopify.com/s/files/1/0902/1489/1816/files/Adidas-Adios-Pro-4-Solar-Blue-Ekiden-Pack-Adidas-255713169.jpg?v=1779323110
adidas-adizero-adios-pro-4-solar-blue-ekiden-pack,12,https://cdn.shopify.com/s/files/1/0902/1489/1816/files/Adidas-Adizero-Adios-Pro-4-Solar-Blue-Ekiden-Pack-Adidas-255713239.jpg?v=1781798520
hoka-rocket-x-3-sunlight-neon-hoka-citrus,1,https://cdn.shopify.com/s/files/1/0902/1489/1816/files/Rocket-X-3-Jaune-Hoka-256534160.png?v=1784127874
hoka-rocket-x-3-sunlight-neon-hoka-citrus,2,https://cdn.shopify.com/s/files/1/0902/1489/1816/files/Hoka-Rocket-X-3-Sunlight-Neon-Hoka-Citrus-Hoka-256534290.jpg?v=1784128189
hoka-rocket-x-3-sunlight-neon-hoka-citrus,3,https://cdn.shopify.com/s/files/1/0902/1489/1816/files/Hoka-Rocket-X-3-Sunlight-Neon-Hoka-Citrus-Hoka-256534356.jpg?v=1784128190
hoka-rocket-x-3-sunlight-neon-hoka-citrus,4,https://cdn.shopify.com/s/files/1/0902/1489/1816/files/Hoka-Rocket-X-3-Sunlight-Neon-Hoka-Citrus-Hoka-256534413.jpg?v=1784128192
hoka-rocket-x-3-sunlight-neon-hoka-citrus,5,https://cdn.shopify.com/s/files/1/0902/1489/1816/files/Hoka-Rocket-X-3-Sunlight-Neon-Hoka-Citrus-Hoka-256534587.jpg?v=1784128193
hoka-rocket-x-3-sunlight-neon-hoka-citrus,6,https://cdn.shopify.com/s/files/1/0902/1489/1816/files/Hoka-Rocket-X-3-Sunlight-Neon-Hoka-Citrus-Hoka-256534611.jpg?v=1784128194
hoka-rocket-x-3-sunlight-neon-hoka-citrus,7,https://cdn.shopify.com/s/files/1/0902/1489/1816/files/Hoka-Rocket-X-3-Sunlight-Neon-Hoka-Citrus-Hoka-256534775.jpg?v=1784128196
adidas-adizero-evo-sl-black-blue,1,https://cdn.shopify.com/s/files/1/0902/1489/1816/files/Adizero-Evo-SL-Black-Blue-Adidas-251447236.png?v=1773882149
adidas-adizero-evo-sl-black-blue,2,https://cdn.shopify.com/s/files/1/0902/1489/1816/files/Adizero-Evo-SL-Black-Blue-Adidas-251447379.png?v=1773882148
adidas-adizero-evo-sl-black-blue,3,https://cdn.shopify.com/s/files/1/0902/1489/1816/files/Adizero-Evo-SL-Black-Blue-Adidas-251447439.png?v=1773882148
adidas-adizero-evo-sl-black-blue,4,https://cdn.shopify.com/s/files/1/0902/1489/1816/files/Adizero-Evo-SL-Black-Blue-Adidas-251447519.png?v=1773882148
adidas-adizero-evo-sl-black-blue,5,https://cdn.shopify.com/s/files/1/0902/1489/1816/files/Adizero-Evo-SL-Black-Blue-Adidas-251447693.png?v=1773882154
adidas-adizero-evo-sl-black-blue,6,https://cdn.shopify.com/s/files/1/0902/1489/1816/files/Adizero-Evo-SL-Black-Blue-Adidas-251447762.png?v=1773882150
adidas-adizero-evo-sl-dark-blue-solar-slime,1,https://cdn.shopify.com/s/files/1/0902/1489/1816/files/Adizero-Evo-SL-Dark-Blue-Solar-Slime-_-Red-Adidas-251444270.png?v=1774022702
adidas-adizero-evo-sl-dark-blue-solar-slime,2,https://cdn.shopify.com/s/files/1/0902/1489/1816/files/Adizero-Evo-SL-Dark-Blue-Solar-Slime-_-Red-Adidas-251444334.png?v=1774022706
adidas-adizero-evo-sl-dark-blue-solar-slime,3,https://cdn.shopify.com/s/files/1/0902/1489/1816/files/Adizero-Evo-SL-Dark-Blue-Solar-Slime-_-Red-Adidas-251444436.png?v=1774022708
adidas-adizero-evo-sl-dark-blue-solar-slime,4,https://cdn.shopify.com/s/files/1/0902/1489/1816/files/Adizero-Evo-SL-Dark-Blue-Solar-Slime-_-Red-Adidas-251444511.png?v=1774022714
adidas-adizero-evo-sl-dark-blue-solar-slime,5,https://cdn.shopify.com/s/files/1/0902/1489/1816/files/Adizero-Evo-SL-Dark-Blue-Solar-Slime-_-Red-Adidas-251444669.png?v=1774022715
adidas-adizero-evo-sl-lucid-lemon-trainer-lightstrike,1,https://cdn.shopify.com/s/files/1/0902/1489/1816/files/Adizero-Evo-SL-Lucid-Lemon-black-Adidas-251443297.png?v=1774022694
adidas-adizero-evo-sl-lucid-lemon-trainer-lightstrike,2,https://cdn.shopify.com/s/files/1/0902/1489/1816/files/Adizero-Evo-SL-Lucid-Lemon-black-Adidas-251443393.jpg?v=1774022668
adidas-adizero-evo-sl-lucid-lemon-trainer-lightstrike,3,https://cdn.shopify.com/s/files/1/0902/1489/1816/files/Adizero-Evo-SL-Lucid-Lemon-black-Adidas-251443440.jpg?v=1774022673
adidas-adizero-evo-sl-lucid-lemon-trainer-lightstrike,4,https://cdn.shopify.com/s/files/1/0902/1489/1816/files/Adizero-Evo-SL-Lucid-Lemon-black-Adidas-251443555.jpg?v=1774022677
adidas-adizero-evo-sl-lucid-lemon-trainer-lightstrike,5,https://cdn.shopify.com/s/files/1/0902/1489/1816/files/Adizero-Evo-SL-Lucid-Lemon-black-Adidas-251443644.jpg?v=1774022679
adidas-adizero-evo-sl-carbon-lucid-red,1,https://cdn.shopify.com/s/files/1/0902/1489/1816/files/Adizero-Evo-SL-Carbon-Lucid-Red-Adidas-251429751.png?v=1773860723
adidas-adizero-evo-sl-carbon-lucid-red,2,https://cdn.shopify.com/s/files/1/0902/1489/1816/files/Adizero-Evo-SL-Carbon-Lucid-Red-Adidas-251429643.webp?v=1774022830
adidas-adizero-evo-sl-carbon-lucid-red,3,https://cdn.shopify.com/s/files/1/0902/1489/1816/files/Adizero-Evo-SL-Carbon-Lucid-Red-Adidas-251429589.webp?v=1774022825
adidas-adizero-evo-sl-carbon-lucid-red,4,https://cdn.shopify.com/s/files/1/0902/1489/1816/files/Adizero-Evo-SL-Carbon-Lucid-Red-Adidas-251429894.png?v=1773860724
adidas-adizero-evo-sl-carbon-lucid-red,5,https://cdn.shopify.com/s/files/1/0902/1489/1816/files/Adizero-Evo-SL-Carbon-Lucid-Red-Adidas-251429948.png?v=1773860727
adidas-adizero-evo-sl-black-super-trainer-triple-noir,1,https://cdn.shopify.com/s/files/1/0902/1489/1816/files/Adizero-Evo-SL-Metallic-Stripes-Black-Silver-Adidas-251428662.png?v=1773859789
adidas-adizero-evo-sl-black-super-trainer-triple-noir,2,https://cdn.shopify.com/s/files/1/0902/1489/1816/files/Adizero-Evo-SL-Metallic-Stripes-Black-Silver-Adidas-251428048.jpg?v=1774022661
adidas-adizero-evo-sl-black-super-trainer-triple-noir,3,https://cdn.shopify.com/s/files/1/0902/1489/1816/files/Adizero-Evo-SL-Metallic-Stripes-Black-Silver-Adidas-251428174.jpg?v=1774022663
adidas-adizero-evo-sl-black-super-trainer-triple-noir,4,https://cdn.shopify.com/s/files/1/0902/1489/1816/files/Adizero-Evo-SL-Metallic-Stripes-Black-Silver-Adidas-251428556.avif?v=1774022602
adidas-adizero-evo-sl-black-super-trainer-triple-noir,5,https://cdn.shopify.com/s/files/1/0902/1489/1816/files/Adizero-Evo-SL-Metallic-Stripes-Black-Silver-Adidas-251428297.jpg?v=1774022667
adidas-adizero-evo-sl-black-super-trainer-triple-noir,6,https://cdn.shopify.com/s/files/1/0902/1489/1816/files/Adizero-Evo-SL-Metallic-Stripes-Black-Silver-Adidas-251428397.avif?v=1774022591
adidas-adizero-evo-sl-black-super-trainer-triple-noir,7,https://cdn.shopify.com/s/files/1/0902/1489/1816/files/Adizero-Evo-SL-Metallic-Stripes-Black-Silver-Adidas-251428499.avif?v=1774022596
adidas-adizero-evo-sl-black-super-trainer-triple-noir,8,https://cdn.shopify.com/s/files/1/0902/1489/1816/files/Adizero-Evo-SL-Pharrell-Humanrace-Noir-Vert-Bleu-Adidas-251425314.avif?v=1774022544
adidas-adizero-evo-sl-grey-silver-metallic,1,https://cdn.shopify.com/s/files/1/0902/1489/1816/files/Adizero-Evo-SL-Metallic-Stripes-Gris-Silver-Adidas-251427034.png?v=1773857286
adidas-adizero-evo-sl-grey-silver-metallic,2,https://cdn.shopify.com/s/files/1/0902/1489/1816/files/Adizero-Evo-SL-Metallic-Stripes-Gris-Silver-Adidas-251426427.jpg?v=1774022639
adidas-adizero-evo-sl-grey-silver-metallic,3,https://cdn.shopify.com/s/files/1/0902/1489/1816/files/Adizero-Evo-SL-Metallic-Stripes-Gris-Silver-Adidas-251426744.jpg?v=1774022650
adidas-adizero-evo-sl-grey-silver-metallic,4,https://cdn.shopify.com/s/files/1/0902/1489/1816/files/Adizero-Evo-SL-Metallic-Stripes-Gris-Silver-Adidas-251426593.jpg?v=1774022640
adidas-adizero-evo-sl-grey-silver-metallic,5,https://cdn.shopify.com/s/files/1/0902/1489/1816/files/Adizero-Evo-SL-Metallic-Stripes-Gris-Silver-Adidas-251426612.jpg?v=1774022646
adidas-adizero-evo-sl-grey-silver-metallic,6,https://cdn.shopify.com/s/files/1/0902/1489/1816/files/Adizero-Evo-SL-Metallic-Stripes-Gris-Silver-Adidas-251426840.jpg?v=1774022652
adidas-adizero-evo-sl-grey-silver-metallic,7,https://cdn.shopify.com/s/files/1/0902/1489/1816/files/Adizero-Evo-SL-Metallic-Stripes-Gris-Silver-Adidas-251426987.jpg?v=1774022657
adidas-adizero-evo-sl-grey-silver-metallic,8,https://cdn.shopify.com/s/files/1/0902/1489/1816/files/Adizero-Evo-SL-Pharrell-Humanrace-Noir-Vert-Bleu-Adidas-251425314.avif?v=1774022544
adidas-adizero-pharrell-williams-x-humanrace-x-evo-sl-black,1,https://cdn.shopify.com/s/files/1/0902/1489/1816/files/Adizero-Evo-SL-Pharrell-Humanrace-Noir-Vert-Bleu-Adidas-251425642.png?v=1773855105
adidas-adizero-pharrell-williams-x-humanrace-x-evo-sl-black,2,https://cdn.shopify.com/s/files/1/0902/1489/1816/files/Adizero-Evo-SL-Pharrell-Humanrace-Noir-Vert-Bleu-Adidas-251425213.avif?v=1774022544
adidas-adizero-pharrell-williams-x-humanrace-x-evo-sl-black,3,https://cdn.shopify.com/s/files/1/0902/1489/1816/files/Adizero-Evo-SL-Pharrell-Humanrace-Noir-Vert-Bleu-Adidas-251425486.avif?v=1774022552
adidas-adizero-pharrell-williams-x-humanrace-x-evo-sl-black,4,https://cdn.shopify.com/s/files/1/0902/1489/1816/files/Adizero-Evo-SL-Pharrell-Humanrace-Noir-Vert-Bleu-Adidas-251425190.avif?v=1774022539
adidas-adizero-pharrell-williams-x-humanrace-x-evo-sl-black,5,https://cdn.shopify.com/s/files/1/0902/1489/1816/files/Adizero-Evo-SL-Pharrell-Humanrace-Noir-Vert-Bleu-Adidas-251425593.avif?v=1774022552
adidas-adizero-pharrell-williams-x-humanrace-x-evo-sl-black,6,https://cdn.shopify.com/s/files/1/0902/1489/1816/files/Adizero-Evo-SL-Pharrell-Humanrace-Noir-Vert-Bleu-Adidas-251425314.avif?v=1774022544
nike-mind-001-solar-red,1,https://cdn.shopify.com/s/files/1/0902/1489/1816/files/Mind-001-Solar-Red-Nike-251229032.png?v=1774022697
nike-mind-001-solar-red,2,https://cdn.shopify.com/s/files/1/0902/1489/1816/files/Mind-001-Solar-Red-Nike-251228995.jpg?v=1774022632
nike-mind-001-solar-red,3,https://cdn.shopify.com/s/files/1/0902/1489/1816/files/Mind-001-Solar-Red-Nike-251229125.webp?v=1774022817
nike-mind-001-solar-red,4,https://cdn.shopify.com/s/files/1/0902/1489/1816/files/Mind-001-Solar-Red-Nike-251229280.webp?v=1774022818
nike-mind-001-solar-red,5,https://cdn.shopify.com/s/files/1/0902/1489/1816/files/Mind-001-Solar-Red-Nike-251229348.webp?v=1774022824
nike-mind-001-solar-red,6,https://cdn.shopify.com/s/files/1/0902/1489/1816/files/Mind-001-Black-Hyper-Crimson-_-Mule-Recuperation-Nike-251226443.jpg?v=1776614498
nike-mind-001-light-smoke-grey,1,https://cdn.shopify.com/s/files/1/0902/1489/1816/files/Mind-001-Light-Smoke-Grey-Nike-251227517.png?v=1774022691
nike-mind-001-light-smoke-grey,2,https://cdn.shopify.com/s/files/1/0902/1489/1816/files/Mind-001-Light-Smoke-Grey-Nike-251227667.avif?v=1774022560
nike-mind-001-light-smoke-grey,3,https://cdn.shopify.com/s/files/1/0902/1489/1816/files/Mind-001-Light-Smoke-Grey-Nike-251227710.avif?v=1774022560
nike-mind-001-light-smoke-grey,4,https://cdn.shopify.com/s/files/1/0902/1489/1816/files/Mind-001-Light-Smoke-Grey-Nike-251227849.avif?v=1774022569
nike-mind-001-light-smoke-grey,5,https://cdn.shopify.com/s/files/1/0902/1489/1816/files/Mind-001-Light-Smoke-Grey-Nike-251227976.avif?v=1774022569
nike-mind-001-light-smoke-grey,6,https://cdn.shopify.com/s/files/1/0902/1489/1816/files/Mind-001-Light-Smoke-Grey-Nike-251228043.avif?v=1774022577
nike-mind-001-light-smoke-grey,7,https://cdn.shopify.com/s/files/1/0902/1489/1816/files/Mind-001-Black-Hyper-Crimson-_-Mule-Recuperation-Nike-251226443.jpg?v=1776614498
nike-mind-001-black-hyper-crimson,1,https://cdn.shopify.com/s/files/1/0902/1489/1816/files/Mind-001-Black-Nike-251226523.png?v=1774022688
nike-mind-001-black-hyper-crimson,2,https://cdn.shopify.com/s/files/1/0902/1489/1816/files/Mind-001-Black-Nike-251226023.jpg?v=1774022609
nike-mind-001-black-hyper-crimson,3,https://cdn.shopify.com/s/files/1/0902/1489/1816/files/Mind-001-Black-Nike-251226153.jpg?v=1774022611
nike-mind-001-black-hyper-crimson,4,https://cdn.shopify.com/s/files/1/0902/1489/1816/files/Mind-001-Black-Nike-251226233.jpg?v=1774022617
nike-mind-001-black-hyper-crimson,5,https://cdn.shopify.com/s/files/1/0902/1489/1816/files/Mind-001-Black-Nike-251226314.jpg?v=1774022618
nike-mind-001-black-hyper-crimson,6,https://cdn.shopify.com/s/files/1/0902/1489/1816/files/Mind-001-Black-Hyper-Crimson-_-Mule-Recuperation-Nike-251226443.jpg?v=1776614498
puma-fast-r-nitro-elite-3-mint-melt-speed-blue,1,https://cdn.shopify.com/s/files/1/0902/1489/1816/files/Fast-R-Nitro-Elite-3-Bleu-Puma-246574983.png?v=1771249987
puma-fast-r-nitro-elite-3-mint-melt-speed-blue,2,https://cdn.shopify.com/s/files/1/0902/1489/1816/files/Fast-R-Nitro-Elite-3-Bleu-Puma-246575080.png?v=1771249994
puma-fast-r-nitro-elite-3-mint-melt-speed-blue,3,https://cdn.shopify.com/s/files/1/0902/1489/1816/files/Fast-R-Nitro-Elite-3-Bleu-Puma-246575181.png?v=1771249995
puma-fast-r-nitro-elite-3-mint-melt-speed-blue,4,https://cdn.shopify.com/s/files/1/0902/1489/1816/files/Fast-R-Nitro-Elite-3-Bleu-Puma-246575226.png?v=1771249995
puma-fast-r-nitro-elite-3-white-glowing-red-mint,1,https://cdn.shopify.com/s/files/1/0902/1489/1816/files/Fast-R-Nitro-Elite-3-Ekiden-Puma-246574367.png?v=1771249993
puma-fast-r-nitro-elite-3-white-glowing-red-mint,2,https://cdn.shopify.com/s/files/1/0902/1489/1816/files/Fast-R-Nitro-Elite-3-Ekiden-Puma-246574579.png?v=1771249994
puma-fast-r-nitro-elite-3-white-glowing-red-mint,3,https://cdn.shopify.com/s/files/1/0902/1489/1816/files/Fast-R-Nitro-Elite-3-Ekiden-Puma-246574464.png?v=1771249988
puma-fast-r-nitro-elite-3-heat-fire-sun-stream,1,https://cdn.shopify.com/s/files/1/0902/1489/1816/files/Fast-R-Nitro-Elite-3-Orange-Puma-246573551.png?v=1771249972
puma-fast-r-nitro-elite-3-heat-fire-sun-stream,2,https://cdn.shopify.com/s/files/1/0902/1489/1816/files/Fast-R-Nitro-Elite-3-Orange-Puma-246573617.png?v=1771249978
puma-fast-r-nitro-elite-3-heat-fire-sun-stream,3,https://cdn.shopify.com/s/files/1/0902/1489/1816/files/Fast-R-Nitro-Elite-3-Orange-Puma-246573784.png?v=1771249981
puma-fast-r-nitro-elite-3-heat-fire-sun-stream,4,https://cdn.shopify.com/s/files/1/0902/1489/1816/files/Fast-R-Nitro-Elite-3-Orange-Puma-246573865.png?v=1771249982
carte-cadeau,1,https://cdn.shopify.com/s/files/1/0902/1489/1816/files/Carte-Cadeau_-_Faire-plaisir_-avec-la-liberte-de-choix-_-Runningupscale.com-245783543.jpg?v=1766704181
nike-vomero-premium-black-volt,1,https://cdn.shopify.com/s/files/1/0902/1489/1816/files/Nike-Vomero-Premium-Black-Volt-Nike-255746352.png?v=1779454923
nike-vomero-premium-black-volt,2,https://cdn.shopify.com/s/files/1/0902/1489/1816/files/Nike-Vomero-Premium-Black-Volt-Nike-255745323.jpg?v=1779454537
nike-vomero-premium-black-volt,3,https://cdn.shopify.com/s/files/1/0902/1489/1816/files/Nike-Vomero-Premium-Black-Volt-Nike-255745497.jpg?v=1779454539
nike-vomero-premium-black-volt,4,https://cdn.shopify.com/s/files/1/0902/1489/1816/files/Nike-Vomero-Premium-Black-Volt-Nike-255745599.jpg?v=1779454541
nike-vomero-premium-black-volt,5,https://cdn.shopify.com/s/files/1/0902/1489/1816/files/Nike-Vomero-Premium-Black-Volt-Nike-255745693.jpg?v=1779454542
nike-vomero-premium-black-volt,6,https://cdn.shopify.com/s/files/1/0902/1489/1816/files/Nike-Vomero-Premium-Black-Volt-Nike-255745760.jpg?v=1779454543
nike-vomero-premium-black-volt,7,https://cdn.shopify.com/s/files/1/0902/1489/1816/files/Nike-Vomero-Premium-Black-Volt-Nike-255745840.jpg?v=1779454545
nike-vomero-premium-black-volt,8,https://cdn.shopify.com/s/files/1/0902/1489/1816/files/Nike-Vomero-Premium-Black-Volt-Nike-255745944.jpg?v=1779454545
nike-vomero-premium-green-barely-volt,1,https://cdn.shopify.com/s/files/1/0902/1489/1816/files/Nike-Vomero-Premium-Green-Barely-Volt-Nike-255705925.png?v=1779286903
nike-vomero-premium-green-barely-volt,2,https://cdn.shopify.com/s/files/1/0902/1489/1816/files/Nike-Vomero-Premium-Green-Barely-Volt-Nike-255705151.jpg?v=1779286574
nike-vomero-premium-green-barely-volt,3,https://cdn.shopify.com/s/files/1/0902/1489/1816/files/Nike-Vomero-Premium-Green-Barely-Volt-Nike-255705229.jpg?v=1779286575
nike-vomero-premium-green-barely-volt,4,https://cdn.shopify.com/s/files/1/0902/1489/1816/files/Nike-Vomero-Premium-Green-Barely-Volt-Nike-255705383.jpg?v=1779286576
nike-vomero-premium-green-barely-volt,5,https://cdn.shopify.com/s/files/1/0902/1489/1816/files/Nike-Vomero-Premium-Green-Barely-Volt-Nike-255705479.jpg?v=1779286577
nike-vomero-premium-green-barely-volt,6,https://cdn.shopify.com/s/files/1/0902/1489/1816/files/Nike-Vomero-Premium-Green-Barely-Volt-Nike-255705510.jpg?v=1779286578
nike-vomero-premium-green-barely-volt,7,https://cdn.shopify.com/s/files/1/0902/1489/1816/files/Nike-Vomero-Premium-Green-Barely-Volt-Nike-255705655.jpg?v=1779286578
nike-vomero-premium-hyper-pink,1,https://cdn.shopify.com/s/files/1/0902/1489/1816/files/Nike-Vomero-Premium-Hyper-Pink-Nike-255695450.png?v=1779219495
nike-vomero-premium-hyper-pink,2,https://cdn.shopify.com/s/files/1/0902/1489/1816/files/Nike-Vomero-Premium-Hyper-Pink-Nike-255694426.jpg?v=1779219148
nike-vomero-premium-hyper-pink,3,https://cdn.shopify.com/s/files/1/0902/1489/1816/files/Nike-Vomero-Premium-Hyper-Pink-Nike-255694577.jpg?v=1779219151
nike-vomero-premium-hyper-pink,4,https://cdn.shopify.com/s/files/1/0902/1489/1816/files/Nike-Vomero-Premium-Hyper-Pink-Nike-255694655.jpg?v=1779219153
nike-vomero-premium-hyper-pink,5,https://cdn.shopify.com/s/files/1/0902/1489/1816/files/Nike-Vomero-Premium-Hyper-Pink-Nike-255694729.jpg?v=1779219155
nike-vomero-premium-hyper-pink,6,https://cdn.shopify.com/s/files/1/0902/1489/1816/files/Nike-Vomero-Premium-Hyper-Pink-Nike-255694878.jpg?v=1779219155
nike-vomero-premium-hyper-pink,7,https://cdn.shopify.com/s/files/1/0902/1489/1816/files/Nike-Vomero-Premium-Hyper-Pink-Nike-255694960.jpg?v=1779219157
nike-vomero-premium-hyper-pink,8,https://cdn.shopify.com/s/files/1/0902/1489/1816/files/Nike-Vomero-Premium-Hyper-Pink-Nike-255695057.jpg?v=1779219159
nike-vomero-premium-hyper-pink,9,https://cdn.shopify.com/s/files/1/0902/1489/1816/files/Nike-Vomero-Premium-Hyper-Pink-Nike-255695118.jpg?v=1779219160
chaussettessoxpro,1,https://cdn.shopify.com/s/files/1/0902/1489/1816/files/Chaussettes-Sox-Pro-RunningUpscale.com-245782095.jpg?v=1766704059
chaussettessoxpro,2,https://cdn.shopify.com/s/files/1/0902/1489/1816/files/Chaussettes-Sox-Pro-RunningUpscale.com-245782145.jpg?v=1766704127
nike-alphafly-3-gridiron-white-pure-platinum,1,https://cdn.shopify.com/s/files/1/0902/1489/1816/files/Air-Zoom-Alphafly-Next_-3-Blanc-Gris-Nike-245781340.jpg?v=1766704039
nike-alphafly-3-gridiron-white-pure-platinum,2,https://cdn.shopify.com/s/files/1/0902/1489/1816/files/Air-Zoom-Alphafly-Next_-3-Blanc-Gris-Nike-245781432.jpg?v=1766704041
nike-alphafly-3-gridiron-white-pure-platinum,3,https://cdn.shopify.com/s/files/1/0902/1489/1816/files/Nike-Alphafly-3-Gridiron-White-Pure-Platinum-Nike-255663134.jpg?v=1779054541
nike-alphafly-3-gridiron-white-pure-platinum,4,https://cdn.shopify.com/s/files/1/0902/1489/1816/files/Nike-Alphafly-3-Gridiron-White-Pure-Platinum-Nike-255663290.jpg?v=1779054543
nike-alphafly-3-gridiron-white-pure-platinum,5,https://cdn.shopify.com/s/files/1/0902/1489/1816/files/Nike-Alphafly-3-Gridiron-White-Pure-Platinum-Nike-255663368.jpg?v=1779054543
nike-alphafly-3-gridiron-white-pure-platinum,6,https://cdn.shopify.com/s/files/1/0902/1489/1816/files/Nike-Alphafly-3-Gridiron-White-Pure-Platinum-Nike-255663494.jpg?v=1779054544
nike-alphafly-3-gridiron-white-pure-platinum,7,https://cdn.shopify.com/s/files/1/0902/1489/1816/files/Nike-Alphafly-3-Gridiron-White-Pure-Platinum-Nike-255663527.jpg?v=1779054546
nike-alphafly-3-gridiron-white-pure-platinum,8,https://cdn.shopify.com/s/files/1/0902/1489/1816/files/Nike-Alphafly-3-Gridiron-White-Pure-Platinum-Nike-255663617.jpg?v=1779054546
asics-gel-nyc-arctic-sky-cream,1,https://cdn.shopify.com/s/files/1/0902/1489/1816/files/Asics-Gel-NYC-Cream-Arctic-Sky-Asics-245770087.jpg?v=1766703709
asics-gel-nyc-arctic-sky-cream,2,https://cdn.shopify.com/s/files/1/0902/1489/1816/files/Asics-Gel-NYC-Cream-Arctic-Sky-Asics-245770377.webp?v=1767351885
asics-gel-nyc-arctic-sky-cream,3,https://cdn.shopify.com/s/files/1/0902/1489/1816/files/Asics-Gel-NYC-Cream-Arctic-Sky-Asics-245770443.webp?v=1767351885
asics-gel-nyc-arctic-sky-cream,4,https://cdn.shopify.com/s/files/1/0902/1489/1816/files/Asics-GEL-NYC-Arctic-Sky-Cream-Asics-255672424.jpg?v=1779117061
asics-gel-nyc-arctic-sky-cream,5,https://cdn.shopify.com/s/files/1/0902/1489/1816/files/Asics-Gel-NYC-Cream-Arctic-Sky-Asics-245770580.webp?v=1766703719
asics-gel-nyc-arctic-sky-cream,6,https://cdn.shopify.com/s/files/1/0902/1489/1816/files/Asics-Gel-NYC-Cream-Arctic-Sky-Asics-245770611.webp?v=1766703722
asics-gel-nyc-arctic-sky-cream,7,https://cdn.shopify.com/s/files/1/0902/1489/1816/files/Asics-Gel-NYC-Cream-Arctic-Sky-Asics-245770283.webp?v=1767351885
hoka-rocket-x-3-white-black,1,https://cdn.shopify.com/s/files/1/0902/1489/1816/files/Rocket-X-3-Blanc-Bleu-Noir-Hoka-245765299.png?v=1766703557
hoka-rocket-x-3-white-black,2,https://cdn.shopify.com/s/files/1/0902/1489/1816/files/Hoka-Rocket-X-3-White-Black-Hoka-256596473.jpg?v=1784657705
hoka-rocket-x-3-white-black,3,https://cdn.shopify.com/s/files/1/0902/1489/1816/files/Hoka-Rocket-X-3-White-Black-Hoka-256596549.jpg?v=1784657708
hoka-rocket-x-3-white-black,4,https://cdn.shopify.com/s/files/1/0902/1489/1816/files/Hoka-Rocket-X-3-White-Black-Hoka-256596643.jpg?v=1784657710
hoka-rocket-x-3-white-black,5,https://cdn.shopify.com/s/files/1/0902/1489/1816/files/Hoka-Rocket-X-3-White-Black-Hoka-256596718.jpg?v=1784657716
hoka-rocket-x-3-white-black,6,https://cdn.shopify.com/s/files/1/0902/1489/1816/files/Hoka-Rocket-X-3-White-Black-Hoka-256596855.jpg?v=1784657716
hoka-rocket-x-3-white-black,7,https://cdn.shopify.com/s/files/1/0902/1489/1816/files/Hoka-Rocket-X-3-White-Black-Hoka-256596931.jpg?v=1784657718
hoka-rocket-x-3-white-black,8,https://cdn.shopify.com/s/files/1/0902/1489/1816/files/Hoka-Rocket-X-3-White-Black-Hoka-256597030.jpg?v=1784657721
cielo-x1-2-0-noir,1,https://cdn.shopify.com/s/files/1/0902/1489/1816/files/Cielo-X1-2.0-Noir-Hoka-245745166.png?v=1766702919
cielo-x1-2-0-noir,2,https://cdn.shopify.com/s/files/1/0902/1489/1816/files/Cielo-X1-2.0-Noir-Hoka-245745240.png?v=1766702925
cielo-x1-2-0-noir,3,https://cdn.shopify.com/s/files/1/0902/1489/1816/files/Cielo-X1-2.0-Noir-Hoka-245745315.png?v=1766702929
cielo-x1-2-0-noir,4,https://cdn.shopify.com/s/files/1/0902/1489/1816/files/Cielo-X1-2.0-Noir-Hoka-245745425.png?v=1766702932
hoka-cielo-x1-2-0-white-real-red,1,https://cdn.shopify.com/s/files/1/0902/1489/1816/files/Cielo-X1-2.0-Blanc-Hoka-245744576.png?v=1766702904
hoka-cielo-x1-2-0-white-real-red,2,https://cdn.shopify.com/s/files/1/0902/1489/1816/files/Hoka-Cielo-X1-2.0-White-Real-Red-Hoka-256522849.jpg?v=1784046311
hoka-cielo-x1-2-0-white-real-red,3,https://cdn.shopify.com/s/files/1/0902/1489/1816/files/Hoka-Cielo-X1-2.0-White-Real-Red-Hoka-256522984.jpg?v=1784046318
hoka-cielo-x1-2-0-white-real-red,4,https://cdn.shopify.com/s/files/1/0902/1489/1816/files/Hoka-Cielo-X1-2.0-White-Real-Red-Hoka-256523038.jpg?v=1784046325
hoka-cielo-x1-2-0-white-real-red,5,https://cdn.shopify.com/s/files/1/0902/1489/1816/files/Hoka-Cielo-X1-2.0-White-Real-Red-Hoka-256523128.jpg?v=1784046330
hoka-cielo-x1-2-0-white-real-red,6,https://cdn.shopify.com/s/files/1/0902/1489/1816/files/Hoka-Cielo-X1-2.0-White-Real-Red-Hoka-256523259.jpg?v=1784046337
hoka-cielo-x1-2-0-white-real-red,7,https://cdn.shopify.com/s/files/1/0902/1489/1816/files/Hoka-Cielo-X1-2.0-White-Real-Red-Hoka-256523374.jpg?v=1784046344
hoka-cielo-x1-2-0-white-real-red,8,https://cdn.shopify.com/s/files/1/0902/1489/1816/files/Hoka-Cielo-X1-2.0-White-Real-Red-Hoka-256523458.jpg?v=1784046353
hoka-cielo-x1-2-0-frost-black,1,https://cdn.shopify.com/s/files/1/0902/1489/1816/files/Cielo-X1-2.0-Bleu-Hoka-245743992.png?v=1766702884
hoka-cielo-x1-2-0-frost-black,2,https://cdn.shopify.com/s/files/1/0902/1489/1816/files/Hoka-Cielo-X1-2.0-Frost-Black-Hoka-256523570.jpg?v=1784047653
hoka-cielo-x1-2-0-frost-black,3,https://cdn.shopify.com/s/files/1/0902/1489/1816/files/Hoka-Cielo-X1-2.0-Frost-Black-Hoka-256523629.jpg?v=1784047660
hoka-cielo-x1-2-0-frost-black,4,https://cdn.shopify.com/s/files/1/0902/1489/1816/files/Hoka-Cielo-X1-2.0-Frost-Black-Hoka-256523733.jpg?v=1784047664
hoka-cielo-x1-2-0-frost-black,5,https://cdn.shopify.com/s/files/1/0902/1489/1816/files/Hoka-Cielo-X1-2.0-Frost-Black-Hoka-256523858.jpg?v=1784047670
hoka-cielo-x1-2-0-frost-black,6,https://cdn.shopify.com/s/files/1/0902/1489/1816/files/Hoka-Cielo-X1-2.0-Frost-Black-Hoka-256523967.jpg?v=1784047677
hoka-cielo-x1-2-0-frost-black,7,https://cdn.shopify.com/s/files/1/0902/1489/1816/files/Hoka-Cielo-X1-2.0-Frost-Black-Hoka-256524074.jpg?v=1784047680
hoka-cielo-x1-2-0-frost-black,8,https://cdn.shopify.com/s/files/1/0902/1489/1816/files/Hoka-Cielo-X1-2.0-Frost-Black-Hoka-256524123.jpg?v=1784047686
adidas-adizero-adios-pro-4-white-pure-teal,1,https://cdn.shopify.com/s/files/1/0902/1489/1816/files/Adizero-Adios-Pro-4-White-Pulse-Teal-Adidas-251466734.png?v=1773932153
adidas-adizero-adios-pro-4-white-pure-teal,2,https://cdn.shopify.com/s/files/1/0902/1489/1816/files/Adizero-Adios-Pro-4-White-Pulse-Teal-Adidas-251466297.avif?v=1774022523
adidas-adizero-adios-pro-4-white-pure-teal,3,https://cdn.shopify.com/s/files/1/0902/1489/1816/files/Adizero-Adios-Pro-4-White-Pulse-Teal-Adidas-251466398.avif?v=1774022527
adidas-adizero-adios-pro-4-white-pure-teal,4,https://cdn.shopify.com/s/files/1/0902/1489/1816/files/Adizero-Adios-Pro-4-White-Pulse-Teal-Adidas-251466477.avif?v=1774022531
adidas-adizero-adios-pro-4-white-pure-teal,5,https://cdn.shopify.com/s/files/1/0902/1489/1816/files/Adizero-Adios-Pro-4-White-Pulse-Teal-Adidas-251466062.avif?v=1774022515
adidas-adizero-adios-pro-4-white-pure-teal,6,https://cdn.shopify.com/s/files/1/0902/1489/1816/files/Adizero-Adios-Pro-4-White-Pulse-Teal-Adidas-251466116.avif?v=1774022519
adidas-adizero-adios-pro-4-white-pure-teal,7,https://cdn.shopify.com/s/files/1/0902/1489/1816/files/Adizero-Adios-Pro-4-White-Pulse-Teal-Adidas-251465961.jpg?v=1774022603
adidas-adizero-adios-pro-4-white-pure-teal,8,https://cdn.shopify.com/s/files/1/0902/1489/1816/files/Adizero-Adios-Pro-4-White-Pulse-Teal-Adidas-251466555.avif?v=1774022535
adidas-adizero-adios-pro-4-ekiden-pack-silver,1,https://cdn.shopify.com/s/files/1/0902/1489/1816/files/Adizero-Adios-Pro-4-Grise-rose-Adidas-245732137.jpg?v=1766702624
adidas-adizero-adios-pro-4-ekiden-pack-silver,2,https://cdn.shopify.com/s/files/1/0902/1489/1816/files/Adidas-Adizero-Adios-Pro-4-Ekiden-Pack-Silver-Adidas-255718227.jpg?v=1779337458
adidas-adizero-adios-pro-4-ekiden-pack-silver,3,https://cdn.shopify.com/s/files/1/0902/1489/1816/files/Adidas-Adizero-Adios-Pro-4-Ekiden-Pack-Silver-Adidas-255718335.jpg?v=1779337458
adidas-adizero-adios-pro-4-ekiden-pack-silver,4,https://cdn.shopify.com/s/files/1/0902/1489/1816/files/Adidas-Adizero-Adios-Pro-4-Ekiden-Pack-Silver-Adidas-255718446.jpg?v=1779337460
adidas-adizero-adios-pro-4-ekiden-pack-silver,5,https://cdn.shopify.com/s/files/1/0902/1489/1816/files/Adidas-Adizero-Adios-Pro-4-Ekiden-Pack-Silver-Adidas-255718556.jpg?v=1779337462
adidas-adizero-adios-pro-4-ekiden-pack-silver,6,https://cdn.shopify.com/s/files/1/0902/1489/1816/files/Adidas-Adizero-Adios-Pro-4-Ekiden-Pack-Silver-Adidas-255718685.jpg?v=1779337463
adidas-adizero-adios-pro-4-ekiden-pack-silver,7,https://cdn.shopify.com/s/files/1/0902/1489/1816/files/Adidas-Adizero-Adios-Pro-4-Ekiden-Pack-Silver-Adidas-255718743.jpg?v=1779337518
adidas-adizero-adios-pro-4-ekiden-pack-silver,8,https://cdn.shopify.com/s/files/1/0902/1489/1816/files/Adidas-Adizero-Adios-Pro-4-Ekiden-Pack-Silver-Adidas-255718822.jpg?v=1779337522
adidas-adizero-adios-pro-4-off-white-better-scarlet,1,https://cdn.shopify.com/s/files/1/0902/1489/1816/files/Adizero-Adios-Pro-4-Off-White-Better-Scarlet-Adidas-251465217.png?v=1773931493
adidas-adizero-adios-pro-4-off-white-better-scarlet,2,https://cdn.shopify.com/s/files/1/0902/1489/1816/files/Adizero-Adios-Pro-4-Off-White-Better-Scarlet-Adidas-251465369.jpg?v=1773931486
adidas-adizero-adios-pro-4-off-white-better-scarlet,3,https://cdn.shopify.com/s/files/1/0902/1489/1816/files/Adizero-Adios-Pro-4-Off-White-Better-Scarlet-Adidas-251465425.avif?v=1773931488
adidas-adizero-adios-pro-4-off-white-better-scarlet,4,https://cdn.shopify.com/s/files/1/0902/1489/1816/files/Adizero-Adios-Pro-4-Off-White-Better-Scarlet-Adidas-251465799.jpg?v=1773931491
adidas-adizero-adios-pro-4-off-white-better-scarlet,5,https://cdn.shopify.com/s/files/1/0902/1489/1816/files/Adizero-Adios-Pro-4-Off-White-Better-Scarlet-Adidas-251465665.avif?v=1773931489
adidas-adizero-adios-pro-4-off-white-better-scarlet,6,https://cdn.shopify.com/s/files/1/0902/1489/1816/files/Adizero-Adios-Pro-4-Off-White-Better-Scarlet-Adidas-251465557.avif?v=1773931488
adidas-adizero-adios-pro-4-off-white-better-scarlet,7,https://cdn.shopify.com/s/files/1/0902/1489/1816/files/Adizero-Adios-Pro-4-Off-White-Better-Scarlet-Adidas-251465896.webp?v=1773931491
adidas-adizero-adios-pro-4-lucid-red-core-blac,1,https://cdn.shopify.com/s/files/1/0902/1489/1816/files/Adizero-Adios-Pro-4-Rouge-noir-Adidas-245731826.jpg?v=1766702606
adidas-adizero-adios-pro-4-lucid-red-core-blac,2,https://cdn.shopify.com/s/files/1/0902/1489/1816/files/Adidas-Adizero-Adios-Pro-4-Lucid-Red-Core-Black-Adidas-255716673.jpg?v=1779335582
adidas-adizero-adios-pro-4-lucid-red-core-blac,3,https://cdn.shopify.com/s/files/1/0902/1489/1816/files/Adidas-Adizero-Adios-Pro-4-Lucid-Red-Core-Black-Adidas-255716797.jpg?v=1779335585
adidas-adizero-adios-pro-4-lucid-red-core-blac,4,https://cdn.shopify.com/s/files/1/0902/1489/1816/files/Adidas-Adizero-Adios-Pro-4-Lucid-Red-Core-Black-Adidas-255716874.jpg?v=1779335588
adidas-adizero-adios-pro-4-lucid-red-core-blac,5,https://cdn.shopify.com/s/files/1/0902/1489/1816/files/Adidas-Adizero-Adios-Pro-4-Lucid-Red-Core-Black-Adidas-255716926.jpg?v=1779335591
adidas-adizero-adios-pro-4-lucid-red-core-blac,6,https://cdn.shopify.com/s/files/1/0902/1489/1816/files/Adidas-Adizero-Adios-Pro-4-Lucid-Red-Core-Black-Adidas-255717043.jpg?v=1779335593
adidas-adizero-adios-pro-4-lucid-red-core-blac,7,https://cdn.shopify.com/s/files/1/0902/1489/1816/files/Adidas-Adizero-Adios-Pro-4-Lucid-Red-Core-Black-Adidas-255717255.jpg?v=1779335596
adidas-adizero-adios-pro-4-lucid-red-core-blac,8,https://cdn.shopify.com/s/files/1/0902/1489/1816/files/Adidas-Adizero-Adios-Pro-4-Lucid-Red-Core-Black-Adidas-255717158.jpg?v=1779335594
adidas-adizero-adios-pro-4-lucid-red-core-blac,9,https://cdn.shopify.com/s/files/1/0902/1489/1816/files/Adidas-Adizero-Adios-Pro-4-Lucid-Red-Core-Black-Adidas-255717373.jpg?v=1779335596
adidas-adizero-adios-pro-4-white-black-silver,1,https://cdn.shopify.com/s/files/1/0902/1489/1816/files/adidas-Adizero-Adios-Pro-4-White-Black-Red-Adidas-251467211.png?v=1773934352
adidas-adizero-adios-pro-4-white-black-silver,2,https://cdn.shopify.com/s/files/1/0902/1489/1816/files/Adidas-Adizero-Adios-Pro-4-White-Black-Silver-Adidas-255719989.jpg?v=1779340680
adidas-adizero-adios-pro-4-white-black-silver,3,https://cdn.shopify.com/s/files/1/0902/1489/1816/files/Adidas-Adizero-Adios-Pro-4-White-Black-Silver-Adidas-255720058.jpg?v=1779340681
adidas-adizero-adios-pro-4-white-black-silver,4,https://cdn.shopify.com/s/files/1/0902/1489/1816/files/Adidas-Adizero-Adios-Pro-4-White-Black-Silver-Adidas-255720164.jpg?v=1779340682
adidas-adizero-adios-pro-4-white-black-silver,5,https://cdn.shopify.com/s/files/1/0902/1489/1816/files/Adidas-Adizero-Adios-Pro-4-White-Black-Silver-Adidas-255720288.jpg?v=1779340684
adidas-adizero-adios-pro-4-white-black-silver,6,https://cdn.shopify.com/s/files/1/0902/1489/1816/files/Adidas-Adizero-Adios-Pro-4-White-Black-Silver-Adidas-255720372.jpg?v=1779340685
adidas-adizero-adios-pro-4-white-black-silver,7,https://cdn.shopify.com/s/files/1/0902/1489/1816/files/Adidas-Adizero-Adios-Pro-4-White-Black-Silver-Adidas-255720452.jpg?v=1779340686
adidas-adizero-adios-pro-4-white-black-silver,8,https://cdn.shopify.com/s/files/1/0902/1489/1816/files/Adidas-Adizero-Adios-Pro-4-White-Black-Silver-Adidas-255720588.jpg?v=1779340687
adidas-adizero-adios-pro-4-white-black-silver,9,https://cdn.shopify.com/s/files/1/0902/1489/1816/files/Adidas-Adizero-Adios-Pro-4-White-Black-Silver-Adidas-255720680.jpg?v=1779340689
adidas-adizero-adios-pro-4-flash-aqua-lucid-lemon,1,https://cdn.shopify.com/s/files/1/0902/1489/1816/files/Adizero-Adios-Pro-4-Bleu-ciel-Adidas-245731517.jpg?v=1766702596
adidas-adizero-adios-pro-4-flash-aqua-lucid-lemon,2,https://cdn.shopify.com/s/files/1/0902/1489/1816/files/Adizero-Adios-Pro-4-Flash-Aqua-Lucid-Lemon-Adidas-251457785.webp?v=1773920731
adidas-adizero-adios-pro-4-flash-aqua-lucid-lemon,3,https://cdn.shopify.com/s/files/1/0902/1489/1816/files/Adizero-Adios-Pro-4-Flash-Aqua-Lucid-Lemon-Adidas-251457897.webp?v=1773920734
adidas-adizero-adios-pro-4-flash-aqua-lucid-lemon,4,https://cdn.shopify.com/s/files/1/0902/1489/1816/files/Adizero-Adios-Pro-4-Flash-Aqua-Lucid-Lemon-Adidas-251457910.webp?v=1773920734
adidas-adizero-adios-pro-4-flash-aqua-lucid-lemon,5,https://cdn.shopify.com/s/files/1/0902/1489/1816/files/Adizero-Adios-Pro-4-Flash-Aqua-Lucid-Lemon-Adidas-251458078.webp?v=1773920735
adidas-adizero-adios-pro-4-flash-aqua-lucid-lemon,6,https://cdn.shopify.com/s/files/1/0902/1489/1816/files/Adizero-Adios-Pro-4-Flash-Aqua-Lucid-Lemon-Adidas-251458191.webp?v=1773920737
adidas-adizero-adios-pro-4-flash-aqua-lucid-lemon,7,https://cdn.shopify.com/s/files/1/0902/1489/1816/files/Adizero-Adios-Pro-4-Flash-Aqua-Lucid-Lemon-Adidas-251458218.webp?v=1773920739
adidas-adizero-adios-pro-4-flash-aqua-lucid-lemon,8,https://cdn.shopify.com/s/files/1/0902/1489/1816/files/Adizero-Adios-Pro-4-Flash-Aqua-Lucid-Lemon-Adidas-251458333.webp?v=1773920741
adidas-adizero-adios-pro-4-lucid-lemon-black,1,https://cdn.shopify.com/s/files/1/0902/1489/1816/files/Adizero-Adios-Pro-4-Jaune-Adidas-245731280.jpg?v=1766702587
adidas-adizero-adios-pro-4-lucid-lemon-black,2,https://cdn.shopify.com/s/files/1/0902/1489/1816/files/Adidas-Adizero-Adios-Pro-4-Lucid-Lemon-Black-Adidas-255718961.jpg?v=1779338489
adidas-adizero-adios-pro-4-lucid-lemon-black,3,https://cdn.shopify.com/s/files/1/0902/1489/1816/files/Adidas-Adizero-Adios-Pro-4-Lucid-Lemon-Black-Adidas-255719083.jpg?v=1779338491
adidas-adizero-adios-pro-4-lucid-lemon-black,4,https://cdn.shopify.com/s/files/1/0902/1489/1816/files/Adidas-Adizero-Adios-Pro-4-Lucid-Lemon-Black-Adidas-255719119.jpg?v=1779338492
adidas-adizero-adios-pro-4-lucid-lemon-black,5,https://cdn.shopify.com/s/files/1/0902/1489/1816/files/Adidas-Adizero-Adios-Pro-4-Lucid-Lemon-Black-Adidas-255719281.jpg?v=1779338493
adidas-adizero-adios-pro-4-lucid-lemon-black,6,https://cdn.shopify.com/s/files/1/0902/1489/1816/files/Adidas-Adizero-Adios-Pro-4-Lucid-Lemon-Black-Adidas-255719315.jpg?v=1779338495
adidas-adizero-adios-pro-4-lucid-lemon-black,7,https://cdn.shopify.com/s/files/1/0902/1489/1816/files/Adidas-Adizero-Adios-Pro-4-Lucid-Lemon-Black-Adidas-255719418.jpg?v=1779338495
adidas-adizero-adios-pro-4-lucid-lemon-black,8,https://cdn.shopify.com/s/files/1/0902/1489/1816/files/Adidas-Adizero-Adios-Pro-4-Lucid-Lemon-Black-Adidas-255719563.jpg?v=1779338497
adidas-adizero-adios-pro-4-lucid-lemon-black,9,https://cdn.shopify.com/s/files/1/0902/1489/1816/files/Adidas-Adizero-Adios-Pro-4-Lucid-Lemon-Black-Adidas-255719699.jpg?v=1779338499
nike-vaporfly-4-jakob-ingebrigtsen-sail-gold,1,https://cdn.shopify.com/s/files/1/0902/1489/1816/files/Vaporfly-NEXT_-4-_-Jakob-Ingebrigtsen-_-Nike-245724254.jpg?v=1766702406
nike-vaporfly-4-jakob-ingebrigtsen-sail-gold,2,https://cdn.shopify.com/s/files/1/0902/1489/1816/files/Vaporfly-NEXT_-4-_-Jakob-Ingebrigtsen-_-Nike-245724685.webp?v=1766702408
nike-vaporfly-4-jakob-ingebrigtsen-sail-gold,3,https://cdn.shopify.com/s/files/1/0902/1489/1816/files/Vaporfly-NEXT_-4-_-Jakob-Ingebrigtsen-_-Nike-245724498.webp?v=1766702405
nike-vaporfly-4-jakob-ingebrigtsen-sail-gold,4,https://cdn.shopify.com/s/files/1/0902/1489/1816/files/Vaporfly-NEXT_-4-_-Jakob-Ingebrigtsen-_-Nike-245724557.webp?v=1766702408
nike-vaporfly-4-jakob-ingebrigtsen-sail-gold,5,https://cdn.shopify.com/s/files/1/0902/1489/1816/files/Vaporfly-NEXT_-4-_-Jakob-Ingebrigtsen-_-Nike-245724348.webp?v=1766702405
nike-vaporfly-4-jakob-ingebrigtsen-sail-gold,6,https://cdn.shopify.com/s/files/1/0902/1489/1816/files/Vaporfly-NEXT_-4-_-Jakob-Ingebrigtsen-_-Nike-245724796.webp?v=1766702411
nike-vaporfly-4-white-obsidian-mist,1,https://cdn.shopify.com/s/files/1/0902/1489/1816/files/Vaporfly-NEXT_-4-Blanc-gris-Nike-245722915.jpg?v=1766702314
nike-vaporfly-4-white-obsidian-mist,2,https://cdn.shopify.com/s/files/1/0902/1489/1816/files/Vaporfly-NEXT_-4-Blanc-gris-Nike-245723326.webp?v=1766702385
nike-vaporfly-4-white-obsidian-mist,3,https://cdn.shopify.com/s/files/1/0902/1489/1816/files/Vaporfly-NEXT_-4-Blanc-gris-Nike-245723193.webp?v=1766702378
nike-vaporfly-4-white-obsidian-mist,4,https://cdn.shopify.com/s/files/1/0902/1489/1816/files/Vaporfly-NEXT_-4-Blanc-gris-Nike-245723234.webp?v=1766702378
nike-vaporfly-4-white-obsidian-mist,5,https://cdn.shopify.com/s/files/1/0902/1489/1816/files/Vaporfly-NEXT_-4-Blanc-gris-Nike-245723027.webp?v=1766702311
nike-vaporfly-4-white-obsidian-mist,6,https://cdn.shopify.com/s/files/1/0902/1489/1816/files/Vaporfly-NEXT_-4-Blanc-gris-Nike-245723485.webp?v=1766702385
nike-vaporfly-4-bright-crimson-lime-blast,1,https://cdn.shopify.com/s/files/1/0902/1489/1816/files/Vaporfly-NEXT_-4-Rouge-Nike-245722478.jpg?v=1766702304
nike-vaporfly-4-bright-crimson-lime-blast,2,https://cdn.shopify.com/s/files/1/0902/1489/1816/files/Vaporfly-NEXT_-4-Rouge-Nike-245722710.webp?v=1766702307
nike-vaporfly-4-bright-crimson-lime-blast,3,https://cdn.shopify.com/s/files/1/0902/1489/1816/files/Vaporfly-NEXT_-4-Rouge-Nike-245722549.webp?v=1766702303
nike-vaporfly-4-bright-crimson-lime-blast,4,https://cdn.shopify.com/s/files/1/0902/1489/1816/files/Vaporfly-NEXT_-4-Rouge-Nike-245722612.webp?v=1766702303
nike-vaporfly-4-bright-crimson-lime-blast,5,https://cdn.shopify.com/s/files/1/0902/1489/1816/files/Vaporfly-NEXT_-4-Rouge-Nike-245722872.webp?v=1766702307
nike-alphafly-3-prototype-white-orange,1,https://cdn.shopify.com/s/files/1/0902/1489/1816/files/Air-Zoom-Alphafly-Next_-3-Blanc-Noir-Phantom-total-orange-Nike-245721963.jpg?v=1766702298
nike-alphafly-3-prototype-white-orange,2,https://cdn.shopify.com/s/files/1/0902/1489/1816/files/Air-Zoom-Alphafly-Next_-3-Blanc-Noir-Phantom-total-orange-Nike-245722172.webp?v=1766702297
nike-alphafly-3-prototype-white-orange,3,https://cdn.shopify.com/s/files/1/0902/1489/1816/files/Nike-Alphafly-3-Prototype-White-Orange-Nike-255663762.jpg?v=1779055199
nike-alphafly-3-prototype-white-orange,4,https://cdn.shopify.com/s/files/1/0902/1489/1816/files/Air-Zoom-Alphafly-Next_-3-Blanc-Noir-Phantom-total-orange-Nike-245722295.webp?v=1766702297
nike-alphafly-3-prototype-white-orange,5,https://cdn.shopify.com/s/files/1/0902/1489/1816/files/Nike-Alphafly-3-Prototype-White-Orange-Nike-255663833.jpg?v=1779055199
nike-alphafly-3-prototype-white-orange,6,https://cdn.shopify.com/s/files/1/0902/1489/1816/files/Air-Zoom-Alphafly-Next_-3-Blanc-Noir-Phantom-total-orange-Nike-245722079.webp?v=1766702294
nike-alphafly-3-prototype-white-orange,7,https://cdn.shopify.com/s/files/1/0902/1489/1816/files/Air-Zoom-Alphafly-Next_-3-Blanc-Noir-Phantom-total-orange-Nike-245722367.webp?v=1766702300
nike-alphafly-3-sail-crimson-tint-guava-ice,1,https://cdn.shopify.com/s/files/1/0902/1489/1816/files/Air-Zoom-Alphafly-Next_-3-Blanc-Creme-Nike-245721552.jpg?v=1766702290
nike-alphafly-3-sail-crimson-tint-guava-ice,2,https://cdn.shopify.com/s/files/1/0902/1489/1816/files/Nike-Alphafly-3-Sail-Crimson-Tint-Guava-Ice-Nike-255662245.jpg?v=1779052717
nike-alphafly-3-sail-crimson-tint-guava-ice,3,https://cdn.shopify.com/s/files/1/0902/1489/1816/files/Nike-Alphafly-3-Sail-Crimson-Tint-Guava-Ice-Nike-255662373.jpg?v=1779052717
nike-alphafly-3-sail-crimson-tint-guava-ice,4,https://cdn.shopify.com/s/files/1/0902/1489/1816/files/Nike-Alphafly-3-Sail-Crimson-Tint-Guava-Ice-Nike-255662465.jpg?v=1779052717
nike-alphafly-3-sail-crimson-tint-guava-ice,5,https://cdn.shopify.com/s/files/1/0902/1489/1816/files/Nike-Alphafly-3-Sail-Crimson-Tint-Guava-Ice-Nike-255662581.jpg?v=1779052719
nike-alphafly-3-sail-crimson-tint-guava-ice,6,https://cdn.shopify.com/s/files/1/0902/1489/1816/files/Nike-Alphafly-3-Sail-Crimson-Tint-Guava-Ice-Nike-255662619.jpg?v=1779052720
nike-alphafly-3-sail-crimson-tint-guava-ice,7,https://cdn.shopify.com/s/files/1/0902/1489/1816/files/Nike-Alphafly-3-Sail-Crimson-Tint-Guava-Ice-Nike-255662784.jpg?v=1779052723
nike-alphafly-3-sail-crimson-tint-guava-ice,8,https://cdn.shopify.com/s/files/1/0902/1489/1816/files/Nike-Alphafly-3-Sail-Crimson-Tint-Guava-Ice-Nike-255662835.jpg?v=1779052723
nike-alphafly-3-premium-light-army-desert-moss,1,https://cdn.shopify.com/s/files/1/0902/1489/1816/files/Air-Zoom-Alphafly-Next_-3-Premium-light-Army-Ironstone-Nike-245720833.jpg?v=1766702275
nike-alphafly-3-premium-light-army-desert-moss,2,https://cdn.shopify.com/s/files/1/0902/1489/1816/files/Nike-Alphafly-3-Premium-Light-Army-Desert-Moss-Nike-255665514.jpg?v=1779069812
nike-alphafly-3-premium-light-army-desert-moss,3,https://cdn.shopify.com/s/files/1/0902/1489/1816/files/Alphafly-3-Premium-Light-Army-Desert-Moss-Nike-254617749.webp?v=1776894685
nike-alphafly-3-premium-light-army-desert-moss,4,https://cdn.shopify.com/s/files/1/0902/1489/1816/files/Alphafly-3-Premium-Light-Army-Desert-Moss-Nike-254617927.webp?v=1776894687
nike-alphafly-3-premium-light-army-desert-moss,5,https://cdn.shopify.com/s/files/1/0902/1489/1816/files/Alphafly-3-Premium-Light-Army-Desert-Moss-Nike-254618077.webp?v=1776894689
nike-alphafly-3-premium-light-army-desert-moss,6,https://cdn.shopify.com/s/files/1/0902/1489/1816/files/Alphafly-3-Premium-Light-Army-Desert-Moss-Nike-254617850.webp?v=1776894687
nike-alphafly-3-premium-light-army-desert-moss,7,https://cdn.shopify.com/s/files/1/0902/1489/1816/files/Alphafly-3-Premium-Light-Army-Desert-Moss-Nike-254617658.webp?v=1776894683
nike-alphafly-3-premium-light-army-desert-moss,8,https://cdn.shopify.com/s/files/1/0902/1489/1816/files/Air-Zoom-Alphafly-Next_-3-Premium-light-Army-Ironstone-Nike-245720952.jpg?v=1766702276
nike-alphafly-3-black-olive-aura,1,https://cdn.shopify.com/s/files/1/0902/1489/1816/files/Air-Zoom-Alphafly-Next_-3-Noir-Olive-Nike-245720310.jpg?v=1766702270
nike-alphafly-3-black-olive-aura,2,https://cdn.shopify.com/s/files/1/0902/1489/1816/files/Air-Zoom-Alphafly-Next_-3-Noir-Olive-Nike-245720523.jpg?v=1766702269
nike-alphafly-3-black-olive-aura,3,https://cdn.shopify.com/s/files/1/0902/1489/1816/files/Air-Zoom-Alphafly-Next_-3-Noir-Olive-Nike-245720646.jpg?v=1766702270
nike-alphafly-3-black-olive-aura,4,https://cdn.shopify.com/s/files/1/0902/1489/1816/files/Nike-Alphafly-3-Black-Olive-Aura-Nike-255665232.jpg?v=1779069471
nike-alphafly-3-black-olive-aura,5,https://cdn.shopify.com/s/files/1/0902/1489/1816/files/Air-Zoom-Alphafly-Next_-3-Noir-Olive-Nike-245720433.webp?v=1766702266
nike-alphafly-3-black-olive-aura,6,https://cdn.shopify.com/s/files/1/0902/1489/1816/files/Nike-Alphafly-3-Black-Olive-Aura-Nike-255665375.jpg?v=1779069473
nike-alphafly-3-black-olive-aura,7,https://cdn.shopify.com/s/files/1/0902/1489/1816/files/Nike-Alphafly-3-Black-Olive-Aura-Nike-255665446.jpg?v=1779069473
nike-alphafly-3-black-olive-aura,8,https://cdn.shopify.com/s/files/1/0902/1489/1816/files/Air-Zoom-Alphafly-Next_-3-Noir-Olive-Nike-245720796.webp?v=1766702273
nike-alphafly-3-bright-crimson-lime-blast,1,https://cdn.shopify.com/s/files/1/0902/1489/1816/files/Air-Zoom-Alphafly-Next_-3-Bright-Crimson-Lime-Nike-245719235.jpg?v=1766702251
nike-alphafly-3-bright-crimson-lime-blast,2,https://cdn.shopify.com/s/files/1/0902/1489/1816/files/Air-Zoom-Alphafly-Next_-3-Bright-Crimson-Lime-Nike-245719550.webp?v=1766702254
nike-alphafly-3-bright-crimson-lime-blast,3,https://cdn.shopify.com/s/files/1/0902/1489/1816/files/Air-Zoom-Alphafly-Next_-3-Bright-Crimson-Lime-Nike-245719321.webp?v=1766702251
nike-alphafly-3-bright-crimson-lime-blast,4,https://cdn.shopify.com/s/files/1/0902/1489/1816/files/Air-Zoom-Alphafly-Next_-3-Bright-Crimson-Lime-Nike-245719419.webp?v=1766702251
nike-alphafly-3-bright-crimson-lime-blast,5,https://cdn.shopify.com/s/files/1/0902/1489/1816/files/Air-Zoom-Alphafly-Next_-3-Bright-Crimson-Lime-Nike-245719643.webp?v=1766702254
nike-alphafly-3-bright-crimson-lime-blast,6,https://cdn.shopify.com/s/files/1/0902/1489/1816/files/Air-Zoom-Alphafly-Next_-3-Bright-Crimson-Lime-Nike-245719790.webp?v=1766702257
nike-alphafly-3-football-grey-blue-void,1,https://cdn.shopify.com/s/files/1/0902/1489/1816/files/Air-Zoom-Alphafly-Next_-3-Gris-Bleu-Nike-245718725.jpg?v=1766702244
nike-alphafly-3-football-grey-blue-void,2,https://cdn.shopify.com/s/files/1/0902/1489/1816/files/Air-Zoom-Alphafly-Next_-3-Gris-Bleu-Nike-245718846.webp?v=1766702240
nike-alphafly-3-football-grey-blue-void,3,https://cdn.shopify.com/s/files/1/0902/1489/1816/files/Air-Zoom-Alphafly-Next_-3-Gris-Bleu-Nike-245718939.webp?v=1766702243
nike-alphafly-3-football-grey-blue-void,4,https://cdn.shopify.com/s/files/1/0902/1489/1816/files/Air-Zoom-Alphafly-Next_-3-Gris-Bleu-Nike-245719059.webp?v=1766702243
nike-alphafly-3-football-grey-blue-void,5,https://cdn.shopify.com/s/files/1/0902/1489/1816/files/Nike-Alphafly-3-Football-Grey-Blue-Void-Nike-255664981.jpg?v=1779068690
nike-alphafly-3-football-grey-blue-void,6,https://cdn.shopify.com/s/files/1/0902/1489/1816/files/Nike-Alphafly-3-Football-Grey-Blue-Void-Nike-255665064.jpg?v=1779068692
nike-alphafly-3-football-grey-blue-void,7,https://cdn.shopify.com/s/files/1/0902/1489/1816/files/Air-Zoom-Alphafly-Next_-3-Gris-Bleu-Nike-245719182.webp?v=1766702246
nike-alphafly-3-football-grey-blue-void,8,https://cdn.shopify.com/s/files/1/0902/1489/1816/files/Nike-Alphafly-3-Football-Grey-Blue-Void-Nike-255665150.jpg?v=1779068692
adidas-yeezy-slide-ochre,1,https://cdn.shopify.com/s/files/1/0902/1489/1816/files/Adidas-Yeezy-Slide-Ochre-Adidas-245716140.jpg?v=1766702203
adidas-yeezy-slide-ochre,2,https://cdn.shopify.com/s/files/1/0902/1489/1816/files/Adidas-Yeezy-Slide-Ochre-Adidas-245716221.webp?v=1766702202
adidas-yeezy-slide-ochre,3,https://cdn.shopify.com/s/files/1/0902/1489/1816/files/Adidas-Yeezy-Slide-Ochre-Adidas-245716363.webp?v=1766702204
mresin-vert-pale-copie,1,https://cdn.shopify.com/s/files/1/0902/1489/1816/files/Adidas-Yeezy-Slide-Marine-Adidas-245715775.jpg?v=1766702199
mresin-vert-pale-copie,2,https://cdn.shopify.com/s/files/1/0902/1489/1816/files/Adidas-Yeezy-Slide-Marine-Adidas-245715831.webp?v=1766702195
mresin-vert-pale-copie,3,https://cdn.shopify.com/s/files/1/0902/1489/1816/files/Adidas-Yeezy-Slide-Marine-Adidas-245715959.webp?v=1766702198
mresin-vert-pale-copie,4,https://cdn.shopify.com/s/files/1/0902/1489/1816/files/Adidas-Yeezy-Slide-Marine-Adidas-245716055.webp?v=1766702198
adidas-yeezy-marron,1,https://cdn.shopify.com/s/files/1/0902/1489/1816/files/Adidas-Yeezy-Slide-Flax-Adidas-245714289.jpg?v=1766702167
adidas-yeezy-marron,2,https://cdn.shopify.com/s/files/1/0902/1489/1816/files/Adidas-Yeezy-Slide-Flax-Adidas-245714311.webp?v=1766702169
adidas-yeezy-marron,3,https://cdn.shopify.com/s/files/1/0902/1489/1816/files/Adidas-Yeezy-Slide-Flax-Adidas-245714435.webp?v=1766702169
adidas-yeezy-marron,4,https://cdn.shopify.com/s/files/1/0902/1489/1816/files/Adidas-Yeezy-Slide-Flax-Adidas-245714540.webp?v=1766702172
adidas-yeezy-resin-vert,1,https://cdn.shopify.com/s/files/1/0902/1489/1816/files/Adidas-Yeezy-Slide-Resin-Adidas-245715377.jpg?v=1766702185
adidas-yeezy-resin-vert,2,https://cdn.shopify.com/s/files/1/0902/1489/1816/files/Adidas-Yeezy-Slide-Resin-Adidas-245715458.webp?v=1766702183
adidas-yeezy-resin-vert,3,https://cdn.shopify.com/s/files/1/0902/1489/1816/files/Adidas-Yeezy-Slide-Resin-Adidas-245715592.webp?v=1766702192
adidas-yeezy-resin-vert,4,https://cdn.shopify.com/s/files/1/0902/1489/1816/files/Adidas-Yeezy-Slide-Resin-Adidas-245715678.webp?v=1766702192
adidas-yeezy-azur-bleu,1,https://cdn.shopify.com/s/files/1/0902/1489/1816/files/Adidas-Yeezy-Slide-Azure-Adidas-245714838.jpg?v=1766702178
adidas-yeezy-azur-bleu,2,https://cdn.shopify.com/s/files/1/0902/1489/1816/files/Adidas-Yeezy-Slide-Azure-Adidas-245714969.webp?v=1766702177
adidas-yeezy-azur-bleu,3,https://cdn.shopify.com/s/files/1/0902/1489/1816/files/Adidas-Yeezy-Slide-Azure-Adidas-245715082.webp?v=1766702177
adidas-yeezy-azur-bleu,4,https://cdn.shopify.com/s/files/1/0902/1489/1816/files/Adidas-Yeezy-Slide-Azure-Adidas-245715139.jpg?v=1766702184
adidas-yeezy-azur-bleu,5,https://cdn.shopify.com/s/files/1/0902/1489/1816/files/Adidas-Yeezy-Slide-Azure-Adidas-245715291.jpg?v=1766702184
adidas-yeezy-glow,1,https://cdn.shopify.com/s/files/1/0902/1489/1816/files/Adidas-Yeezy-Slide-Glow-Green-Adidas-245714693.jpg?v=1766702175
adidas-yeezy-glow,2,https://cdn.shopify.com/s/files/1/0902/1489/1816/files/Adidas-Yeezy-Slide-Glow-Green-Adidas-245714793.jpg?v=1766702179
adidas-yeezy-slide-onyx,1,https://cdn.shopify.com/s/files/1/0902/1489/1816/files/Adidas-Yeezy-Slide-Onyx-Adidas-245713915.jpg?v=1766702165
adidas-yeezy-slide-onyx,2,https://cdn.shopify.com/s/files/1/0902/1489/1816/files/Adidas-Yeezy-Slide-Onyx-Adidas-245714064.webp?v=1766702161
adidas-yeezy-slide-onyx,3,https://cdn.shopify.com/s/files/1/0902/1489/1816/files/Adidas-Yeezy-Slide-Onyx-Adidas-245714110.webp?v=1766702163
adidas-yeezy-enflame-orange,1,https://cdn.shopify.com/s/files/1/0902/1489/1816/files/Adidas-Yeezy-Enflame-Orange-Adidas-245713552.jpg?v=1766702157
adidas-yeezy-enflame-orange,2,https://cdn.shopify.com/s/files/1/0902/1489/1816/files/Adidas-Yeezy-Enflame-Orange-Adidas-245713616.webp?v=1766702156
adidas-yeezy-enflame-orange,3,https://cdn.shopify.com/s/files/1/0902/1489/1816/files/Adidas-Yeezy-Enflame-Orange-Adidas-245713726.webp?v=1766702158
adidas-yeezy-enflame-orange,4,https://cdn.shopify.com/s/files/1/0902/1489/1816/files/Adidas-Yeezy-Enflame-Orange-Adidas-245713839.webp?v=1766702158
adidas-yeezy,1,https://cdn.shopify.com/s/files/1/0902/1489/1816/files/Adidas-Yeezy-Slide-Bone-Adidas-245713199.jpg?v=1766702154
adidas-yeezy,2,https://cdn.shopify.com/s/files/1/0902/1489/1816/files/Adidas-Yeezy-Slide-Bone-Adidas-245713296.webp?v=1766702150
adidas-yeezy,3,https://cdn.shopify.com/s/files/1/0902/1489/1816/files/Adidas-Yeezy-Slide-Bone-Adidas-245713314.webp?v=1766702152
adidas-yeezy,4,https://cdn.shopify.com/s/files/1/0902/1489/1816/files/Adidas-Yeezy-Slide-Bone-Adidas-245713415.webp?v=1766702152
nike-alphafly-3-eliud-kipchoge-vapor-green-its-just-the-start,1,https://cdn.shopify.com/s/files/1/0902/1489/1816/files/Air-Zoom-Alphafly-Next_-3-EK-Nike-245700977.webp?v=1766701870
nike-alphafly-3-eliud-kipchoge-vapor-green-its-just-the-start,2,https://cdn.shopify.com/s/files/1/0902/1489/1816/files/Air-Zoom-Alphafly-Next_-3-EK-Nike-245701027.webp?v=1766701869
nike-alphafly-3-eliud-kipchoge-vapor-green-its-just-the-start,3,https://cdn.shopify.com/s/files/1/0902/1489/1816/files/Air-Zoom-Alphafly-Next_-3-EK-Nike-245701149.webp?v=1766701873
nike-alphafly-3-eliud-kipchoge-vapor-green-its-just-the-start,4,https://cdn.shopify.com/s/files/1/0902/1489/1816/files/Air-Zoom-Alphafly-Next_-3-EK-Nike-245701213.webp?v=1766701873
nike-alphafly-3-eliud-kipchoge-vapor-green-its-just-the-start,5,https://cdn.shopify.com/s/files/1/0902/1489/1816/files/Air-Zoom-Alphafly-Next_-3-EK-Nike-245701699.webp?v=1766701880
nike-alphafly-3-eliud-kipchoge-vapor-green-its-just-the-start,6,https://cdn.shopify.com/s/files/1/0902/1489/1816/files/Air-Zoom-Alphafly-Next_-3-EK-Nike-245701318.webp?v=1766701877
nike-alphafly-3-eliud-kipchoge-vapor-green-its-just-the-start,7,https://cdn.shopify.com/s/files/1/0902/1489/1816/files/Air-Zoom-Alphafly-Next_-3-EK-Nike-245701548.webp?v=1766701880
nike-alphafly-3-eliud-kipchoge-vapor-green-its-just-the-start,8,https://cdn.shopify.com/s/files/1/0902/1489/1816/files/Air-Zoom-Alphafly-Next_-3-EK-Nike-245701454.webp?v=1766701875
nike-alphafly-3-white-purple-agate-vivid-grape,1,https://cdn.shopify.com/s/files/1/0902/1489/1816/files/Air-Zoom-Alphafly-Next_-3-Blanc-et-Rose-Nike-245700369.webp?v=1766701858
nike-alphafly-3-white-purple-agate-vivid-grape,2,https://cdn.shopify.com/s/files/1/0902/1489/1816/files/Air-Zoom-Alphafly-Next_-3-Blanc-et-Rose-Nike-245700448.webp?v=1766701859
nike-alphafly-3-white-purple-agate-vivid-grape,3,https://cdn.shopify.com/s/files/1/0902/1489/1816/files/Air-Zoom-Alphafly-Next_-3-Blanc-et-Rose-Nike-245700522.webp?v=1766701864
nike-alphafly-3-white-purple-agate-vivid-grape,4,https://cdn.shopify.com/s/files/1/0902/1489/1816/files/Air-Zoom-Alphafly-Next_-3-Blanc-et-Rose-Nike-245700618.webp?v=1766701863
nike-alphafly-3-white-purple-agate-vivid-grape,5,https://cdn.shopify.com/s/files/1/0902/1489/1816/files/Air-Zoom-Alphafly-Next_-3-Blanc-et-Rose-Nike-245700826.webp?v=1766701867
nike-alphafly-3-white-purple-agate-vivid-grape,6,https://cdn.shopify.com/s/files/1/0902/1489/1816/files/Nike-Alphafly-3-White-Purple-Agate-Vivid-Grape-Nike-255662987.jpg?v=1779053412
nike-alphafly-3-white-purple-agate-vivid-grape,7,https://cdn.shopify.com/s/files/1/0902/1489/1816/files/Nike-Alphafly-3-White-Purple-Agate-Vivid-Grape-Nike-255663068.jpg?v=1779053413
nike-alphafly-3-white-purple-agate-vivid-grape,8,https://cdn.shopify.com/s/files/1/0902/1489/1816/files/Air-Zoom-Alphafly-Next_-3-Blanc-et-Rose-Nike-245700783.webp?v=1766701867
nike-alphafly-3-safari-olympic-electric-pack-paris-jo,1,https://cdn.shopify.com/s/files/1/0902/1489/1816/files/Air-Zoom-Alphafly-Next_-3-Electric-Nike-245699616.webp?v=1766701846
nike-alphafly-3-safari-olympic-electric-pack-paris-jo,2,https://cdn.shopify.com/s/files/1/0902/1489/1816/files/Air-Zoom-Alphafly-Next_-3-Electric-Nike-245699795.webp?v=1766701850
nike-alphafly-3-safari-olympic-electric-pack-paris-jo,3,https://cdn.shopify.com/s/files/1/0902/1489/1816/files/Air-Zoom-Alphafly-Next_-3-Electric-Nike-245699869.webp?v=1766701850
nike-alphafly-3-safari-olympic-electric-pack-paris-jo,4,https://cdn.shopify.com/s/files/1/0902/1489/1816/files/Air-Zoom-Alphafly-Next_-3-Electric-Nike-245699917.webp?v=1766701852
nike-alphafly-3-safari-olympic-electric-pack-paris-jo,5,https://cdn.shopify.com/s/files/1/0902/1489/1816/files/Air-Zoom-Alphafly-Next_-3-Electric-Nike-245700030.webp?v=1766701853
nike-alphafly-3-safari-olympic-electric-pack-paris-jo,6,https://cdn.shopify.com/s/files/1/0902/1489/1816/files/Air-Zoom-Alphafly-Next_-3-Electric-Nike-245700281.webp?v=1766701856
nike-alphafly-3-safari-olympic-electric-pack-paris-jo,7,https://cdn.shopify.com/s/files/1/0902/1489/1816/files/Air-Zoom-Alphafly-Next_-3-Electric-Nike-245700178.webp?v=1766701856
nike-alphafly-3-blueprint-pack-bowerman,1,https://cdn.shopify.com/s/files/1/0902/1489/1816/files/Air-Zoom-Alphafly-Next_-3-FP-Blueprint-Nike-245699027.webp?v=1766701838
nike-alphafly-3-blueprint-pack-bowerman,2,https://cdn.shopify.com/s/files/1/0902/1489/1816/files/Air-Zoom-Alphafly-Next_-3-FP-Blueprint-Nike-245699126.webp?v=1766701841
nike-alphafly-3-blueprint-pack-bowerman,3,https://cdn.shopify.com/s/files/1/0902/1489/1816/files/Air-Zoom-Alphafly-Next_-3-FP-Blueprint-Nike-245699238.webp?v=1766701840
nike-alphafly-3-blueprint-pack-bowerman,4,https://cdn.shopify.com/s/files/1/0902/1489/1816/files/Air-Zoom-Alphafly-Next_-3-FP-Blueprint-Nike-245699364.webp?v=1766701843
nike-alphafly-3-blueprint-pack-bowerman,5,https://cdn.shopify.com/s/files/1/0902/1489/1816/files/Air-Zoom-Alphafly-Next_-3-FP-Blueprint-Nike-245699536.webp?v=1766701846
nike-alphafly-3-blueprint-pack-bowerman,6,https://cdn.shopify.com/s/files/1/0902/1489/1816/files/Air-Zoom-Alphafly-Next_-3-FP-Blueprint-Nike-245699428.webp?v=1766701843
nike-alphafly-3-volt-fast-pack,1,https://cdn.shopify.com/s/files/1/0902/1489/1816/files/Air-Zoom-Alphafly-Next_-3-Jaune-Nike-245698245.webp?v=1766701824
nike-alphafly-3-volt-fast-pack,2,https://cdn.shopify.com/s/files/1/0902/1489/1816/files/Air-Zoom-Alphafly-Next_-3-Jaune-Nike-245698330.webp?v=1766701827
nike-alphafly-3-volt-fast-pack,3,https://cdn.shopify.com/s/files/1/0902/1489/1816/files/Air-Zoom-Alphafly-Next_-3-Jaune-Nike-245698499.webp?v=1766701828
nike-alphafly-3-volt-fast-pack,4,https://cdn.shopify.com/s/files/1/0902/1489/1816/files/Air-Zoom-Alphafly-Next_-3-Jaune-Nike-245698936.webp?v=1766701837
nike-alphafly-3-volt-fast-pack,5,https://cdn.shopify.com/s/files/1/0902/1489/1816/files/Air-Zoom-Alphafly-Next_-3-Jaune-Nike-245698584.webp?v=1766701832
nike-alphafly-3-volt-fast-pack,6,https://cdn.shopify.com/s/files/1/0902/1489/1816/files/Air-Zoom-Alphafly-Next_-3-Jaune-Nike-245698627.webp?v=1766701832
nike-alphafly-3-volt-fast-pack,7,https://cdn.shopify.com/s/files/1/0902/1489/1816/files/Air-Zoom-Alphafly-Next_-3-Jaune-Nike-245698794.webp?v=1766701835
nike-alphafly-3-volt-fast-pack,8,https://cdn.shopify.com/s/files/1/0902/1489/1816/files/Air-Zoom-Alphafly-Next_-3-Jaune-Nike-245698848.webp?v=1766701835
